block_id,x,y,z,region,material,depth,state,upper,contents,contents_label
minekea:building/beams/oak,-171,56,189,oak,Oak (43),0,,,,
minekea:building/beams/oak_log,-170,56,189,oak,Oak (43),0,,,,
minekea:building/covers/oak,-169,56,189,oak,Oak (43),0,facing=south,,,
minekea:building/covers/oak_log,-168,56,189,oak,Oak (43),0,facing=south,,,
minekea:building/general/framed_planks/oak,-167,56,189,oak,Oak (43),0,,,,
minekea:building/general/framed_planks/oak_stripped,-166,56,189,oak,Oak (43),0,,,,
minekea:building/slabs/vertical/oak,-171,57,188,oak,Oak (43),1,facing=east,,,
minekea:building/stairs/vertical/oak_planks,-171,58,187,oak,Oak (43),2,facing=south,,,
minekea:furniture/shelves/floating/oak,-170,59,186,oak,Oak (43),3,,,,
minekea:furniture/shelves/supported/oak,-169,59,186,oak,Oak (43),3,,,,
minekea:furniture/seating/chairs/oak,-171,60,185,oak,Oak (43),4,facing=south,,,
minekea:furniture/seating/chairs/stripped_oak,-170,60,185,oak,Oak (43),4,facing=south,,,
minekea:furniture/seating/stools/oak,-169,60,185,oak,Oak (43),4,,,,
minekea:furniture/seating/stools/stripped_oak,-168,60,185,oak,Oak (43),4,,,,
minekea:furniture/tables/oak,-167,60,185,oak,Oak (43),4,,,,
minekea:furniture/tables/stripped_oak,-166,60,185,oak,Oak (43),4,,,,
minekea:containers/crates/oak,-171,61,184,oak,Oak (43),5,,,,
minekea:containers/crates/trapped/oak,-170,61,184,oak,Oak (43),5,,,,
minekea:furniture/display_cases/oak,-168,61,184,oak,Oak (43),5,,,,
minekea:furniture/display_cases/stripped/oak,-167,61,184,oak,Oak (43),5,,,,
minekea:furniture/shutters/oak,-166,61,184,oak,Oak (43),5,,,,
minekea:furniture/shutters/stripped_oak,-165,61,184,oak,Oak (43),5,,,,
minekea:furniture/trapdoors/bookshelves/oak,-164,61,184,oak,Oak (43),5,"facing=south,half=bottom,open=true",,,
minekea:furniture/armoires/oak,-171,62,183,oak,Oak (43),6,"facing=north,half=lower","facing=north,half=upper",,
minekea:furniture/doors/bookshelves/oak,-170,62,183,oak,Oak (43),6,"facing=south,half=lower,hinge=left,open=false","facing=south,half=upper,hinge=left,open=false",,
minekea:building/compressed/oak_log/1x,-171,64,182,oak,Oak (43),7,,,,
minekea:building/compressed/oak_log/2x,-170,64,182,oak,Oak (43),7,,,,
minekea:building/compressed/oak_log/3x,-169,64,182,oak,Oak (43),7,,,,
minekea:building/compressed/oak_log/4x,-171,65,181,oak,Oak (43),8,,,,
minekea:building/compressed/oak_log/5x,-170,65,181,oak,Oak (43),8,,,,
minekea:building/compressed/oak_log/6x,-169,65,181,oak,Oak (43),8,,,,
minekea:building/compressed/oak_log/7x,-171,66,180,oak,Oak (43),9,,,,
minekea:building/compressed/oak_log/8x,-170,66,180,oak,Oak (43),9,,,,
minekea:building/compressed/oak_log/9x,-169,66,180,oak,Oak (43),9,,,,
minekea:building/compressed/oak_planks/1x,-167,64,182,oak,Oak (43),7,,,,
minekea:building/compressed/oak_planks/2x,-166,64,182,oak,Oak (43),7,,,,
minekea:building/compressed/oak_planks/3x,-165,64,182,oak,Oak (43),7,,,,
minekea:building/compressed/oak_planks/4x,-167,65,181,oak,Oak (43),8,,,,
minekea:building/compressed/oak_planks/5x,-166,65,181,oak,Oak (43),8,,,,
minekea:building/compressed/oak_planks/6x,-165,65,181,oak,Oak (43),8,,,,
minekea:building/compressed/oak_planks/7x,-167,66,180,oak,Oak (43),9,,,,
minekea:building/compressed/oak_planks/8x,-166,66,180,oak,Oak (43),9,,,,
minekea:building/compressed/oak_planks/9x,-165,66,180,oak,Oak (43),9,,,,
minekea:building/beams/spruce,-161,56,189,spruce,Spruce (49),0,,,,
minekea:building/beams/spruce_log,-160,56,189,spruce,Spruce (49),0,,,,
minekea:building/covers/spruce,-159,56,189,spruce,Spruce (49),0,facing=south,,,
minekea:building/covers/spruce_log,-158,56,189,spruce,Spruce (49),0,facing=south,,,
minekea:building/general/framed_planks/spruce,-157,56,189,spruce,Spruce (49),0,,,,
minekea:building/general/framed_planks/spruce_stripped,-156,56,189,spruce,Spruce (49),0,,,,
minekea:building/slabs/vertical/spruce,-161,57,188,spruce,Spruce (49),1,facing=east,,,
minekea:building/slabs/bookshelves/spruce,-159,57,188,spruce,Spruce (49),1,,,,
minekea:building/slabs/bookshelves/vertical/spruce,-158,57,188,spruce,Spruce (49),1,facing=east,,,
minekea:building/stairs/vertical/spruce_planks,-161,58,187,spruce,Spruce (49),2,facing=south,,,
minekea:building/stairs/bookshelves/spruce,-160,58,187,spruce,Spruce (49),2,facing=north,,,
minekea:building/stairs/bookshelves/vertical/spruce,-159,58,187,spruce,Spruce (49),2,facing=south,,,
minekea:furniture/bookshelves/spruce,-161,59,186,spruce,Spruce (49),3,,,,
minekea:furniture/shelves/floating/spruce,-160,59,186,spruce,Spruce (49),3,,,,
minekea:furniture/shelves/supported/spruce,-159,59,186,spruce,Spruce (49),3,,,,
minekea:furniture/seating/chairs/spruce,-161,60,185,spruce,Spruce (49),4,facing=south,,,
minekea:furniture/seating/chairs/stripped_spruce,-160,60,185,spruce,Spruce (49),4,facing=south,,,
minekea:furniture/seating/stools/spruce,-159,60,185,spruce,Spruce (49),4,,,,
minekea:furniture/seating/stools/stripped_spruce,-158,60,185,spruce,Spruce (49),4,,,,
minekea:furniture/tables/spruce,-157,60,185,spruce,Spruce (49),4,,,,
minekea:furniture/tables/stripped_spruce,-156,60,185,spruce,Spruce (49),4,,,,
minekea:containers/crates/spruce,-161,61,184,spruce,Spruce (49),5,,,,
minekea:containers/crates/trapped/spruce,-160,61,184,spruce,Spruce (49),5,,,,
minekea:containers/barrels/spruce,-159,61,184,spruce,Spruce (49),5,facing=south,,,
minekea:furniture/display_cases/spruce,-158,61,184,spruce,Spruce (49),5,,,,
minekea:furniture/display_cases/stripped/spruce,-157,61,184,spruce,Spruce (49),5,,,,
minekea:furniture/shutters/spruce,-156,61,184,spruce,Spruce (49),5,,,,
minekea:furniture/shutters/stripped_spruce,-155,61,184,spruce,Spruce (49),5,,,,
minekea:furniture/trapdoors/bookshelves/spruce,-154,61,184,spruce,Spruce (49),5,"facing=south,half=bottom,open=true",,,
minekea:furniture/armoires/spruce,-161,62,183,spruce,Spruce (49),6,"facing=north,half=lower","facing=north,half=upper",,
minekea:furniture/doors/bookshelves/spruce,-160,62,183,spruce,Spruce (49),6,"facing=south,half=lower,hinge=left,open=false","facing=south,half=upper,hinge=left,open=false",,
minekea:building/compressed/spruce_log/1x,-161,64,182,spruce,Spruce (49),7,,,,
minekea:building/compressed/spruce_log/2x,-160,64,182,spruce,Spruce (49),7,,,,
minekea:building/compressed/spruce_log/3x,-159,64,182,spruce,Spruce (49),7,,,,
minekea:building/compressed/spruce_log/4x,-161,65,181,spruce,Spruce (49),8,,,,
minekea:building/compressed/spruce_log/5x,-160,65,181,spruce,Spruce (49),8,,,,
minekea:building/compressed/spruce_log/6x,-159,65,181,spruce,Spruce (49),8,,,,
minekea:building/compressed/spruce_log/7x,-161,66,180,spruce,Spruce (49),9,,,,
minekea:building/compressed/spruce_log/8x,-160,66,180,spruce,Spruce (49),9,,,,
minekea:building/compressed/spruce_log/9x,-159,66,180,spruce,Spruce (49),9,,,,
minekea:building/compressed/spruce_planks/1x,-157,64,182,spruce,Spruce (49),7,,,,
minekea:building/compressed/spruce_planks/2x,-156,64,182,spruce,Spruce (49),7,,,,
minekea:building/compressed/spruce_planks/3x,-155,64,182,spruce,Spruce (49),7,,,,
minekea:building/compressed/spruce_planks/4x,-157,65,181,spruce,Spruce (49),8,,,,
minekea:building/compressed/spruce_planks/5x,-156,65,181,spruce,Spruce (49),8,,,,
minekea:building/compressed/spruce_planks/6x,-155,65,181,spruce,Spruce (49),8,,,,
minekea:building/compressed/spruce_planks/7x,-157,66,180,spruce,Spruce (49),9,,,,
minekea:building/compressed/spruce_planks/8x,-156,66,180,spruce,Spruce (49),9,,,,
minekea:building/compressed/spruce_planks/9x,-155,66,180,spruce,Spruce (49),9,,,,
minekea:building/beams/birch,-151,56,189,birch,Birch (49),0,,,,
minekea:building/beams/birch_log,-150,56,189,birch,Birch (49),0,,,,
minekea:building/covers/birch,-149,56,189,birch,Birch (49),0,facing=south,,,
minekea:building/covers/birch_log,-148,56,189,birch,Birch (49),0,facing=south,,,
minekea:building/general/framed_planks/birch,-147,56,189,birch,Birch (49),0,,,,
minekea:building/general/framed_planks/birch_stripped,-146,56,189,birch,Birch (49),0,,,,
minekea:building/slabs/vertical/birch,-151,57,188,birch,Birch (49),1,facing=east,,,
minekea:building/slabs/bookshelves/birch,-149,57,188,birch,Birch (49),1,,,,
minekea:building/slabs/bookshelves/vertical/birch,-148,57,188,birch,Birch (49),1,facing=east,,,
minekea:building/stairs/vertical/birch_planks,-151,58,187,birch,Birch (49),2,facing=south,,,
minekea:building/stairs/bookshelves/birch,-150,58,187,birch,Birch (49),2,facing=north,,,
minekea:building/stairs/bookshelves/vertical/birch,-149,58,187,birch,Birch (49),2,facing=south,,,
minekea:furniture/bookshelves/birch,-151,59,186,birch,Birch (49),3,,,,
minekea:furniture/shelves/floating/birch,-150,59,186,birch,Birch (49),3,,,,
minekea:furniture/shelves/supported/birch,-149,59,186,birch,Birch (49),3,,,,
minekea:furniture/seating/chairs/birch,-151,60,185,birch,Birch (49),4,facing=south,,,
minekea:furniture/seating/chairs/stripped_birch,-150,60,185,birch,Birch (49),4,facing=south,,,
minekea:furniture/seating/stools/birch,-149,60,185,birch,Birch (49),4,,,,
minekea:furniture/seating/stools/stripped_birch,-148,60,185,birch,Birch (49),4,,,,
minekea:furniture/tables/birch,-147,60,185,birch,Birch (49),4,,,,
minekea:furniture/tables/stripped_birch,-146,60,185,birch,Birch (49),4,,,,
minekea:containers/crates/birch,-151,61,184,birch,Birch (49),5,,,,
minekea:containers/crates/trapped/birch,-150,61,184,birch,Birch (49),5,,,,
minekea:containers/barrels/birch,-149,61,184,birch,Birch (49),5,facing=south,,,
minekea:furniture/display_cases/birch,-148,61,184,birch,Birch (49),5,,,,
minekea:furniture/display_cases/stripped/birch,-147,61,184,birch,Birch (49),5,,,,
minekea:furniture/shutters/birch,-146,61,184,birch,Birch (49),5,,,,
minekea:furniture/shutters/stripped_birch,-145,61,184,birch,Birch (49),5,,,,
minekea:furniture/trapdoors/bookshelves/birch,-144,61,184,birch,Birch (49),5,"facing=south,half=bottom,open=true",,,
minekea:furniture/armoires/birch,-151,62,183,birch,Birch (49),6,"facing=north,half=lower","facing=north,half=upper",,
minekea:furniture/doors/bookshelves/birch,-150,62,183,birch,Birch (49),6,"facing=south,half=lower,hinge=left,open=false","facing=south,half=upper,hinge=left,open=false",,
minekea:building/compressed/birch_log/1x,-151,64,182,birch,Birch (49),7,,,,
minekea:building/compressed/birch_log/2x,-150,64,182,birch,Birch (49),7,,,,
minekea:building/compressed/birch_log/3x,-149,64,182,birch,Birch (49),7,,,,
minekea:building/compressed/birch_log/4x,-151,65,181,birch,Birch (49),8,,,,
minekea:building/compressed/birch_log/5x,-150,65,181,birch,Birch (49),8,,,,
minekea:building/compressed/birch_log/6x,-149,65,181,birch,Birch (49),8,,,,
minekea:building/compressed/birch_log/7x,-151,66,180,birch,Birch (49),9,,,,
minekea:building/compressed/birch_log/8x,-150,66,180,birch,Birch (49),9,,,,
minekea:building/compressed/birch_log/9x,-149,66,180,birch,Birch (49),9,,,,
minekea:building/compressed/birch_planks/1x,-147,64,182,birch,Birch (49),7,,,,
minekea:building/compressed/birch_planks/2x,-146,64,182,birch,Birch (49),7,,,,
minekea:building/compressed/birch_planks/3x,-145,64,182,birch,Birch (49),7,,,,
minekea:building/compressed/birch_planks/4x,-147,65,181,birch,Birch (49),8,,,,
minekea:building/compressed/birch_planks/5x,-146,65,181,birch,Birch (49),8,,,,
minekea:building/compressed/birch_planks/6x,-145,65,181,birch,Birch (49),8,,,,
minekea:building/compressed/birch_planks/7x,-147,66,180,birch,Birch (49),9,,,,
minekea:building/compressed/birch_planks/8x,-146,66,180,birch,Birch (49),9,,,,
minekea:building/compressed/birch_planks/9x,-145,66,180,birch,Birch (49),9,,,,
minekea:building/beams/jungle,-141,56,189,jungle,Jungle (49),0,,,,
minekea:building/beams/jungle_log,-140,56,189,jungle,Jungle (49),0,,,,
minekea:building/covers/jungle,-139,56,189,jungle,Jungle (49),0,facing=south,,,
minekea:building/covers/jungle_log,-138,56,189,jungle,Jungle (49),0,facing=south,,,
minekea:building/general/framed_planks/jungle,-137,56,189,jungle,Jungle (49),0,,,,
minekea:building/general/framed_planks/jungle_stripped,-136,56,189,jungle,Jungle (49),0,,,,
minekea:building/slabs/vertical/jungle,-141,57,188,jungle,Jungle (49),1,facing=east,,,
minekea:building/slabs/bookshelves/jungle,-139,57,188,jungle,Jungle (49),1,,,,
minekea:building/slabs/bookshelves/vertical/jungle,-138,57,188,jungle,Jungle (49),1,facing=east,,,
minekea:building/stairs/vertical/jungle_planks,-141,58,187,jungle,Jungle (49),2,facing=south,,,
minekea:building/stairs/bookshelves/jungle,-140,58,187,jungle,Jungle (49),2,facing=north,,,
minekea:building/stairs/bookshelves/vertical/jungle,-139,58,187,jungle,Jungle (49),2,facing=south,,,
minekea:furniture/bookshelves/jungle,-141,59,186,jungle,Jungle (49),3,,,,
minekea:furniture/shelves/floating/jungle,-140,59,186,jungle,Jungle (49),3,,,,
minekea:furniture/shelves/supported/jungle,-139,59,186,jungle,Jungle (49),3,,,,
minekea:furniture/seating/chairs/jungle,-141,60,185,jungle,Jungle (49),4,facing=south,,,
minekea:furniture/seating/chairs/stripped_jungle,-140,60,185,jungle,Jungle (49),4,facing=south,,,
minekea:furniture/seating/stools/jungle,-139,60,185,jungle,Jungle (49),4,,,,
minekea:furniture/seating/stools/stripped_jungle,-138,60,185,jungle,Jungle (49),4,,,,
minekea:furniture/tables/jungle,-137,60,185,jungle,Jungle (49),4,,,,
minekea:furniture/tables/stripped_jungle,-136,60,185,jungle,Jungle (49),4,,,,
minekea:containers/crates/jungle,-141,61,184,jungle,Jungle (49),5,,,,
minekea:containers/crates/trapped/jungle,-140,61,184,jungle,Jungle (49),5,,,,
minekea:containers/barrels/jungle,-139,61,184,jungle,Jungle (49),5,facing=south,,,
minekea:furniture/display_cases/jungle,-138,61,184,jungle,Jungle (49),5,,,,
minekea:furniture/display_cases/stripped/jungle,-137,61,184,jungle,Jungle (49),5,,,,
minekea:furniture/shutters/jungle,-136,61,184,jungle,Jungle (49),5,,,,
minekea:furniture/shutters/stripped_jungle,-135,61,184,jungle,Jungle (49),5,,,,
minekea:furniture/trapdoors/bookshelves/jungle,-134,61,184,jungle,Jungle (49),5,"facing=south,half=bottom,open=true",,,
minekea:furniture/armoires/jungle,-141,62,183,jungle,Jungle (49),6,"facing=north,half=lower","facing=north,half=upper",,
minekea:furniture/doors/bookshelves/jungle,-140,62,183,jungle,Jungle (49),6,"facing=south,half=lower,hinge=left,open=false","facing=south,half=upper,hinge=left,open=false",,
minekea:building/compressed/jungle_log/1x,-141,64,182,jungle,Jungle (49),7,,,,
minekea:building/compressed/jungle_log/2x,-140,64,182,jungle,Jungle (49),7,,,,
minekea:building/compressed/jungle_log/3x,-139,64,182,jungle,Jungle (49),7,,,,
minekea:building/compressed/jungle_log/4x,-141,65,181,jungle,Jungle (49),8,,,,
minekea:building/compressed/jungle_log/5x,-140,65,181,jungle,Jungle (49),8,,,,
minekea:building/compressed/jungle_log/6x,-139,65,181,jungle,Jungle (49),8,,,,
minekea:building/compressed/jungle_log/7x,-141,66,180,jungle,Jungle (49),9,,,,
minekea:building/compressed/jungle_log/8x,-140,66,180,jungle,Jungle (49),9,,,,
minekea:building/compressed/jungle_log/9x,-139,66,180,jungle,Jungle (49),9,,,,
minekea:building/compressed/jungle_planks/1x,-137,64,182,jungle,Jungle (49),7,,,,
minekea:building/compressed/jungle_planks/2x,-136,64,182,jungle,Jungle (49),7,,,,
minekea:building/compressed/jungle_planks/3x,-135,64,182,jungle,Jungle (49),7,,,,
minekea:building/compressed/jungle_planks/4x,-137,65,181,jungle,Jungle (49),8,,,,
minekea:building/compressed/jungle_planks/5x,-136,65,181,jungle,Jungle (49),8,,,,
minekea:building/compressed/jungle_planks/6x,-135,65,181,jungle,Jungle (49),8,,,,
minekea:building/compressed/jungle_planks/7x,-137,66,180,jungle,Jungle (49),9,,,,
minekea:building/compressed/jungle_planks/8x,-136,66,180,jungle,Jungle (49),9,,,,
minekea:building/compressed/jungle_planks/9x,-135,66,180,jungle,Jungle (49),9,,,,
minekea:building/beams/acacia,-131,56,189,acacia,Acacia (49),0,,,,
minekea:building/beams/acacia_log,-130,56,189,acacia,Acacia (49),0,,,,
minekea:building/covers/acacia,-129,56,189,acacia,Acacia (49),0,facing=south,,,
minekea:building/covers/acacia_log,-128,56,189,acacia,Acacia (49),0,facing=south,,,
minekea:building/general/framed_planks/acacia,-127,56,189,acacia,Acacia (49),0,,,,
minekea:building/general/framed_planks/acacia_stripped,-126,56,189,acacia,Acacia (49),0,,,,
minekea:building/slabs/vertical/acacia,-131,57,188,acacia,Acacia (49),1,facing=east,,,
minekea:building/slabs/bookshelves/acacia,-129,57,188,acacia,Acacia (49),1,,,,
minekea:building/slabs/bookshelves/vertical/acacia,-128,57,188,acacia,Acacia (49),1,facing=east,,,
minekea:building/stairs/vertical/acacia_planks,-131,58,187,acacia,Acacia (49),2,facing=south,,,
minekea:building/stairs/bookshelves/acacia,-130,58,187,acacia,Acacia (49),2,facing=north,,,
minekea:building/stairs/bookshelves/vertical/acacia,-129,58,187,acacia,Acacia (49),2,facing=south,,,
minekea:furniture/bookshelves/acacia,-131,59,186,acacia,Acacia (49),3,,,,
minekea:furniture/shelves/floating/acacia,-130,59,186,acacia,Acacia (49),3,,,,
minekea:furniture/shelves/supported/acacia,-129,59,186,acacia,Acacia (49),3,,,,
minekea:furniture/seating/chairs/acacia,-131,60,185,acacia,Acacia (49),4,facing=south,,,
minekea:furniture/seating/chairs/stripped_acacia,-130,60,185,acacia,Acacia (49),4,facing=south,,,
minekea:furniture/seating/stools/acacia,-129,60,185,acacia,Acacia (49),4,,,,
minekea:furniture/seating/stools/stripped_acacia,-128,60,185,acacia,Acacia (49),4,,,,
minekea:furniture/tables/acacia,-127,60,185,acacia,Acacia (49),4,,,,
minekea:furniture/tables/stripped_acacia,-126,60,185,acacia,Acacia (49),4,,,,
minekea:containers/crates/acacia,-131,61,184,acacia,Acacia (49),5,,,,
minekea:containers/crates/trapped/acacia,-130,61,184,acacia,Acacia (49),5,,,,
minekea:containers/barrels/acacia,-129,61,184,acacia,Acacia (49),5,facing=south,,,
minekea:furniture/display_cases/acacia,-128,61,184,acacia,Acacia (49),5,,,,
minekea:furniture/display_cases/stripped/acacia,-127,61,184,acacia,Acacia (49),5,,,,
minekea:furniture/shutters/acacia,-126,61,184,acacia,Acacia (49),5,,,,
minekea:furniture/shutters/stripped_acacia,-125,61,184,acacia,Acacia (49),5,,,,
minekea:furniture/trapdoors/bookshelves/acacia,-124,61,184,acacia,Acacia (49),5,"facing=south,half=bottom,open=true",,,
minekea:furniture/armoires/acacia,-131,62,183,acacia,Acacia (49),6,"facing=north,half=lower","facing=north,half=upper",,
minekea:furniture/doors/bookshelves/acacia,-130,62,183,acacia,Acacia (49),6,"facing=south,half=lower,hinge=left,open=false","facing=south,half=upper,hinge=left,open=false",,
minekea:building/compressed/acacia_log/1x,-131,64,182,acacia,Acacia (49),7,,,,
minekea:building/compressed/acacia_log/2x,-130,64,182,acacia,Acacia (49),7,,,,
minekea:building/compressed/acacia_log/3x,-129,64,182,acacia,Acacia (49),7,,,,
minekea:building/compressed/acacia_log/4x,-131,65,181,acacia,Acacia (49),8,,,,
minekea:building/compressed/acacia_log/5x,-130,65,181,acacia,Acacia (49),8,,,,
minekea:building/compressed/acacia_log/6x,-129,65,181,acacia,Acacia (49),8,,,,
minekea:building/compressed/acacia_log/7x,-131,66,180,acacia,Acacia (49),9,,,,
minekea:building/compressed/acacia_log/8x,-130,66,180,acacia,Acacia (49),9,,,,
minekea:building/compressed/acacia_log/9x,-129,66,180,acacia,Acacia (49),9,,,,
minekea:building/compressed/acacia_planks/1x,-127,64,182,acacia,Acacia (49),7,,,,
minekea:building/compressed/acacia_planks/2x,-126,64,182,acacia,Acacia (49),7,,,,
minekea:building/compressed/acacia_planks/3x,-125,64,182,acacia,Acacia (49),7,,,,
minekea:building/compressed/acacia_planks/4x,-127,65,181,acacia,Acacia (49),8,,,,
minekea:building/compressed/acacia_planks/5x,-126,65,181,acacia,Acacia (49),8,,,,
minekea:building/compressed/acacia_planks/6x,-125,65,181,acacia,Acacia (49),8,,,,
minekea:building/compressed/acacia_planks/7x,-127,66,180,acacia,Acacia (49),9,,,,
minekea:building/compressed/acacia_planks/8x,-126,66,180,acacia,Acacia (49),9,,,,
minekea:building/compressed/acacia_planks/9x,-125,66,180,acacia,Acacia (49),9,,,,
minekea:building/beams/dark_oak,-121,56,189,dark_oak,Dark Oak (49),0,,,,
minekea:building/beams/dark_oak_log,-120,56,189,dark_oak,Dark Oak (49),0,,,,
minekea:building/covers/dark_oak,-119,56,189,dark_oak,Dark Oak (49),0,facing=south,,,
minekea:building/covers/dark_oak_log,-118,56,189,dark_oak,Dark Oak (49),0,facing=south,,,
minekea:building/general/framed_planks/dark_oak,-117,56,189,dark_oak,Dark Oak (49),0,,,,
minekea:building/general/framed_planks/dark_oak_stripped,-116,56,189,dark_oak,Dark Oak (49),0,,,,
minekea:building/slabs/vertical/dark_oak,-121,57,188,dark_oak,Dark Oak (49),1,facing=east,,,
minekea:building/slabs/bookshelves/dark_oak,-119,57,188,dark_oak,Dark Oak (49),1,,,,
minekea:building/slabs/bookshelves/vertical/dark_oak,-118,57,188,dark_oak,Dark Oak (49),1,facing=east,,,
minekea:building/stairs/vertical/dark_oak_planks,-121,58,187,dark_oak,Dark Oak (49),2,facing=south,,,
minekea:building/stairs/bookshelves/dark_oak,-120,58,187,dark_oak,Dark Oak (49),2,facing=north,,,
minekea:building/stairs/bookshelves/vertical/dark_oak,-119,58,187,dark_oak,Dark Oak (49),2,facing=south,,,
minekea:furniture/bookshelves/dark_oak,-121,59,186,dark_oak,Dark Oak (49),3,,,,
minekea:furniture/shelves/floating/dark_oak,-120,59,186,dark_oak,Dark Oak (49),3,,,,
minekea:furniture/shelves/supported/dark_oak,-119,59,186,dark_oak,Dark Oak (49),3,,,,
minekea:furniture/seating/chairs/dark_oak,-121,60,185,dark_oak,Dark Oak (49),4,facing=south,,,
minekea:furniture/seating/chairs/stripped_dark_oak,-120,60,185,dark_oak,Dark Oak (49),4,facing=south,,,
minekea:furniture/seating/stools/dark_oak,-119,60,185,dark_oak,Dark Oak (49),4,,,,
minekea:furniture/seating/stools/stripped_dark_oak,-118,60,185,dark_oak,Dark Oak (49),4,,,,
minekea:furniture/tables/dark_oak,-117,60,185,dark_oak,Dark Oak (49),4,,,,
minekea:furniture/tables/stripped_dark_oak,-116,60,185,dark_oak,Dark Oak (49),4,,,,
minekea:containers/crates/dark_oak,-121,61,184,dark_oak,Dark Oak (49),5,,,,
minekea:containers/crates/trapped/dark_oak,-120,61,184,dark_oak,Dark Oak (49),5,,,,
minekea:containers/barrels/dark_oak,-119,61,184,dark_oak,Dark Oak (49),5,facing=south,,,
minekea:furniture/display_cases/dark_oak,-118,61,184,dark_oak,Dark Oak (49),5,,,,
minekea:furniture/display_cases/stripped/dark_oak,-117,61,184,dark_oak,Dark Oak (49),5,,,,
minekea:furniture/shutters/dark_oak,-116,61,184,dark_oak,Dark Oak (49),5,,,,
minekea:furniture/shutters/stripped_dark_oak,-115,61,184,dark_oak,Dark Oak (49),5,,,,
minekea:furniture/trapdoors/bookshelves/dark_oak,-114,61,184,dark_oak,Dark Oak (49),5,"facing=south,half=bottom,open=true",,,
minekea:furniture/armoires/dark_oak,-121,62,183,dark_oak,Dark Oak (49),6,"facing=north,half=lower","facing=north,half=upper",,
minekea:furniture/doors/bookshelves/dark_oak,-120,62,183,dark_oak,Dark Oak (49),6,"facing=south,half=lower,hinge=left,open=false","facing=south,half=upper,hinge=left,open=false",,
minekea:building/compressed/dark_oak_log/1x,-121,64,182,dark_oak,Dark Oak (49),7,,,,
minekea:building/compressed/dark_oak_log/2x,-120,64,182,dark_oak,Dark Oak (49),7,,,,
minekea:building/compressed/dark_oak_log/3x,-119,64,182,dark_oak,Dark Oak (49),7,,,,
minekea:building/compressed/dark_oak_log/4x,-121,65,181,dark_oak,Dark Oak (49),8,,,,
minekea:building/compressed/dark_oak_log/5x,-120,65,181,dark_oak,Dark Oak (49),8,,,,
minekea:building/compressed/dark_oak_log/6x,-119,65,181,dark_oak,Dark Oak (49),8,,,,
minekea:building/compressed/dark_oak_log/7x,-121,66,180,dark_oak,Dark Oak (49),9,,,,
minekea:building/compressed/dark_oak_log/8x,-120,66,180,dark_oak,Dark Oak (49),9,,,,
minekea:building/compressed/dark_oak_log/9x,-119,66,180,dark_oak,Dark Oak (49),9,,,,
minekea:building/compressed/dark_oak_planks/1x,-117,64,182,dark_oak,Dark Oak (49),7,,,,
minekea:building/compressed/dark_oak_planks/2x,-116,64,182,dark_oak,Dark Oak (49),7,,,,
minekea:building/compressed/dark_oak_planks/3x,-115,64,182,dark_oak,Dark Oak (49),7,,,,
minekea:building/compressed/dark_oak_planks/4x,-117,65,181,dark_oak,Dark Oak (49),8,,,,
minekea:building/compressed/dark_oak_planks/5x,-116,65,181,dark_oak,Dark Oak (49),8,,,,
minekea:building/compressed/dark_oak_planks/6x,-115,65,181,dark_oak,Dark Oak (49),8,,,,
minekea:building/compressed/dark_oak_planks/7x,-117,66,180,dark_oak,Dark Oak (49),9,,,,
minekea:building/compressed/dark_oak_planks/8x,-116,66,180,dark_oak,Dark Oak (49),9,,,,
minekea:building/compressed/dark_oak_planks/9x,-115,66,180,dark_oak,Dark Oak (49),9,,,,
minekea:building/beams/mangrove,-111,56,189,mangrove,Mangrove (49),0,,,,
minekea:building/beams/mangrove_log,-110,56,189,mangrove,Mangrove (49),0,,,,
minekea:building/covers/mangrove,-109,56,189,mangrove,Mangrove (49),0,facing=south,,,
minekea:building/covers/mangrove_log,-108,56,189,mangrove,Mangrove (49),0,facing=south,,,
minekea:building/general/framed_planks/mangrove,-107,56,189,mangrove,Mangrove (49),0,,,,
minekea:building/general/framed_planks/mangrove_stripped,-106,56,189,mangrove,Mangrove (49),0,,,,
minekea:building/slabs/vertical/mangrove,-111,57,188,mangrove,Mangrove (49),1,facing=east,,,
minekea:building/slabs/bookshelves/mangrove,-109,57,188,mangrove,Mangrove (49),1,,,,
minekea:building/slabs/bookshelves/vertical/mangrove,-108,57,188,mangrove,Mangrove (49),1,facing=east,,,
minekea:building/stairs/vertical/mangrove_planks,-111,58,187,mangrove,Mangrove (49),2,facing=south,,,
minekea:building/stairs/bookshelves/mangrove,-110,58,187,mangrove,Mangrove (49),2,facing=north,,,
minekea:building/stairs/bookshelves/vertical/mangrove,-109,58,187,mangrove,Mangrove (49),2,facing=south,,,
minekea:furniture/bookshelves/mangrove,-111,59,186,mangrove,Mangrove (49),3,,,,
minekea:furniture/shelves/floating/mangrove,-110,59,186,mangrove,Mangrove (49),3,,,,
minekea:furniture/shelves/supported/mangrove,-109,59,186,mangrove,Mangrove (49),3,,,,
minekea:furniture/seating/chairs/mangrove,-111,60,185,mangrove,Mangrove (49),4,facing=south,,,
minekea:furniture/seating/chairs/stripped_mangrove,-110,60,185,mangrove,Mangrove (49),4,facing=south,,,
minekea:furniture/seating/stools/mangrove,-109,60,185,mangrove,Mangrove (49),4,,,,
minekea:furniture/seating/stools/stripped_mangrove,-108,60,185,mangrove,Mangrove (49),4,,,,
minekea:furniture/tables/mangrove,-107,60,185,mangrove,Mangrove (49),4,,,,
minekea:furniture/tables/stripped_mangrove,-106,60,185,mangrove,Mangrove (49),4,,,,
minekea:containers/crates/mangrove,-111,61,184,mangrove,Mangrove (49),5,,,,
minekea:containers/crates/trapped/mangrove,-110,61,184,mangrove,Mangrove (49),5,,,,
minekea:containers/barrels/mangrove,-109,61,184,mangrove,Mangrove (49),5,facing=south,,,
minekea:furniture/display_cases/mangrove,-108,61,184,mangrove,Mangrove (49),5,,,,
minekea:furniture/display_cases/stripped/mangrove,-107,61,184,mangrove,Mangrove (49),5,,,,
minekea:furniture/shutters/mangrove,-106,61,184,mangrove,Mangrove (49),5,,,,
minekea:furniture/shutters/stripped_mangrove,-105,61,184,mangrove,Mangrove (49),5,,,,
minekea:furniture/trapdoors/bookshelves/mangrove,-104,61,184,mangrove,Mangrove (49),5,"facing=south,half=bottom,open=true",,,
minekea:furniture/armoires/mangrove,-111,62,183,mangrove,Mangrove (49),6,"facing=north,half=lower","facing=north,half=upper",,
minekea:furniture/doors/bookshelves/mangrove,-110,62,183,mangrove,Mangrove (49),6,"facing=south,half=lower,hinge=left,open=false","facing=south,half=upper,hinge=left,open=false",,
minekea:building/compressed/mangrove_log/1x,-111,64,182,mangrove,Mangrove (49),7,,,,
minekea:building/compressed/mangrove_log/2x,-110,64,182,mangrove,Mangrove (49),7,,,,
minekea:building/compressed/mangrove_log/3x,-109,64,182,mangrove,Mangrove (49),7,,,,
minekea:building/compressed/mangrove_log/4x,-111,65,181,mangrove,Mangrove (49),8,,,,
minekea:building/compressed/mangrove_log/5x,-110,65,181,mangrove,Mangrove (49),8,,,,
minekea:building/compressed/mangrove_log/6x,-109,65,181,mangrove,Mangrove (49),8,,,,
minekea:building/compressed/mangrove_log/7x,-111,66,180,mangrove,Mangrove (49),9,,,,
minekea:building/compressed/mangrove_log/8x,-110,66,180,mangrove,Mangrove (49),9,,,,
minekea:building/compressed/mangrove_log/9x,-109,66,180,mangrove,Mangrove (49),9,,,,
minekea:building/compressed/mangrove_planks/1x,-107,64,182,mangrove,Mangrove (49),7,,,,
minekea:building/compressed/mangrove_planks/2x,-106,64,182,mangrove,Mangrove (49),7,,,,
minekea:building/compressed/mangrove_planks/3x,-105,64,182,mangrove,Mangrove (49),7,,,,
minekea:building/compressed/mangrove_planks/4x,-107,65,181,mangrove,Mangrove (49),8,,,,
minekea:building/compressed/mangrove_planks/5x,-106,65,181,mangrove,Mangrove (49),8,,,,
minekea:building/compressed/mangrove_planks/6x,-105,65,181,mangrove,Mangrove (49),8,,,,
minekea:building/compressed/mangrove_planks/7x,-107,66,180,mangrove,Mangrove (49),9,,,,
minekea:building/compressed/mangrove_planks/8x,-106,66,180,mangrove,Mangrove (49),9,,,,
minekea:building/compressed/mangrove_planks/9x,-105,66,180,mangrove,Mangrove (49),9,,,,
minekea:building/beams/cherry,-101,56,189,cherry,Cherry (49),0,,,,
minekea:building/beams/cherry_log,-100,56,189,cherry,Cherry (49),0,,,,
minekea:building/covers/cherry,-99,56,189,cherry,Cherry (49),0,facing=south,,,
minekea:building/covers/cherry_log,-98,56,189,cherry,Cherry (49),0,facing=south,,,
minekea:building/general/framed_planks/cherry,-97,56,189,cherry,Cherry (49),0,,,,
minekea:building/general/framed_planks/cherry_stripped,-96,56,189,cherry,Cherry (49),0,,,,
minekea:building/slabs/vertical/cherry,-101,57,188,cherry,Cherry (49),1,facing=east,,,
minekea:building/slabs/bookshelves/cherry,-99,57,188,cherry,Cherry (49),1,,,,
minekea:building/slabs/bookshelves/vertical/cherry,-98,57,188,cherry,Cherry (49),1,facing=east,,,
minekea:building/stairs/vertical/cherry_planks,-101,58,187,cherry,Cherry (49),2,facing=south,,,
minekea:building/stairs/bookshelves/cherry,-100,58,187,cherry,Cherry (49),2,facing=north,,,
minekea:building/stairs/bookshelves/vertical/cherry,-99,58,187,cherry,Cherry (49),2,facing=south,,,
minekea:furniture/bookshelves/cherry,-101,59,186,cherry,Cherry (49),3,,,,
minekea:furniture/shelves/floating/cherry,-100,59,186,cherry,Cherry (49),3,,,,
minekea:furniture/shelves/supported/cherry,-99,59,186,cherry,Cherry (49),3,,,,
minekea:furniture/seating/chairs/cherry,-101,60,185,cherry,Cherry (49),4,facing=south,,,
minekea:furniture/seating/chairs/stripped_cherry,-100,60,185,cherry,Cherry (49),4,facing=south,,,
minekea:furniture/seating/stools/cherry,-99,60,185,cherry,Cherry (49),4,,,,
minekea:furniture/seating/stools/stripped_cherry,-98,60,185,cherry,Cherry (49),4,,,,
minekea:furniture/tables/cherry,-97,60,185,cherry,Cherry (49),4,,,,
minekea:furniture/tables/stripped_cherry,-96,60,185,cherry,Cherry (49),4,,,,
minekea:containers/crates/cherry,-101,61,184,cherry,Cherry (49),5,,,,
minekea:containers/crates/trapped/cherry,-100,61,184,cherry,Cherry (49),5,,,,
minekea:containers/barrels/cherry,-99,61,184,cherry,Cherry (49),5,facing=south,,,
minekea:furniture/display_cases/cherry,-98,61,184,cherry,Cherry (49),5,,,,
minekea:furniture/display_cases/stripped/cherry,-97,61,184,cherry,Cherry (49),5,,,,
minekea:furniture/shutters/cherry,-96,61,184,cherry,Cherry (49),5,,,,
minekea:furniture/shutters/stripped_cherry,-95,61,184,cherry,Cherry (49),5,,,,
minekea:furniture/trapdoors/bookshelves/cherry,-94,61,184,cherry,Cherry (49),5,"facing=south,half=bottom,open=true",,,
minekea:furniture/armoires/cherry,-101,62,183,cherry,Cherry (49),6,"facing=north,half=lower","facing=north,half=upper",,
minekea:furniture/doors/bookshelves/cherry,-100,62,183,cherry,Cherry (49),6,"facing=south,half=lower,hinge=left,open=false","facing=south,half=upper,hinge=left,open=false",,
minekea:building/compressed/cherry_log/1x,-101,64,182,cherry,Cherry (49),7,,,,
minekea:building/compressed/cherry_log/2x,-100,64,182,cherry,Cherry (49),7,,,,
minekea:building/compressed/cherry_log/3x,-99,64,182,cherry,Cherry (49),7,,,,
minekea:building/compressed/cherry_log/4x,-101,65,181,cherry,Cherry (49),8,,,,
minekea:building/compressed/cherry_log/5x,-100,65,181,cherry,Cherry (49),8,,,,
minekea:building/compressed/cherry_log/6x,-99,65,181,cherry,Cherry (49),8,,,,
minekea:building/compressed/cherry_log/7x,-101,66,180,cherry,Cherry (49),9,,,,
minekea:building/compressed/cherry_log/8x,-100,66,180,cherry,Cherry (49),9,,,,
minekea:building/compressed/cherry_log/9x,-99,66,180,cherry,Cherry (49),9,,,,
minekea:building/compressed/cherry_planks/1x,-97,64,182,cherry,Cherry (49),7,,,,
minekea:building/compressed/cherry_planks/2x,-96,64,182,cherry,Cherry (49),7,,,,
minekea:building/compressed/cherry_planks/3x,-95,64,182,cherry,Cherry (49),7,,,,
minekea:building/compressed/cherry_planks/4x,-97,65,181,cherry,Cherry (49),8,,,,
minekea:building/compressed/cherry_planks/5x,-96,65,181,cherry,Cherry (49),8,,,,
minekea:building/compressed/cherry_planks/6x,-95,65,181,cherry,Cherry (49),8,,,,
minekea:building/compressed/cherry_planks/7x,-97,66,180,cherry,Cherry (49),9,,,,
minekea:building/compressed/cherry_planks/8x,-96,66,180,cherry,Cherry (49),9,,,,
minekea:building/compressed/cherry_planks/9x,-95,66,180,cherry,Cherry (49),9,,,,
minekea:building/beams/pale_oak,-91,56,189,pale_oak,Pale Oak (49),0,,,,
minekea:building/beams/pale_oak_log,-90,56,189,pale_oak,Pale Oak (49),0,,,,
minekea:building/covers/pale_oak,-89,56,189,pale_oak,Pale Oak (49),0,facing=south,,,
minekea:building/covers/pale_oak_log,-88,56,189,pale_oak,Pale Oak (49),0,facing=south,,,
minekea:building/general/framed_planks/pale_oak,-87,56,189,pale_oak,Pale Oak (49),0,,,,
minekea:building/general/framed_planks/pale_oak_stripped,-86,56,189,pale_oak,Pale Oak (49),0,,,,
minekea:building/slabs/vertical/pale_oak,-91,57,188,pale_oak,Pale Oak (49),1,facing=east,,,
minekea:building/slabs/bookshelves/pale_oak,-89,57,188,pale_oak,Pale Oak (49),1,,,,
minekea:building/slabs/bookshelves/vertical/pale_oak,-88,57,188,pale_oak,Pale Oak (49),1,facing=east,,,
minekea:building/stairs/vertical/pale_oak_planks,-91,58,187,pale_oak,Pale Oak (49),2,facing=south,,,
minekea:building/stairs/bookshelves/pale_oak,-90,58,187,pale_oak,Pale Oak (49),2,facing=north,,,
minekea:building/stairs/bookshelves/vertical/pale_oak,-89,58,187,pale_oak,Pale Oak (49),2,facing=south,,,
minekea:furniture/bookshelves/pale_oak,-91,59,186,pale_oak,Pale Oak (49),3,,,,
minekea:furniture/shelves/floating/pale_oak,-90,59,186,pale_oak,Pale Oak (49),3,,,,
minekea:furniture/shelves/supported/pale_oak,-89,59,186,pale_oak,Pale Oak (49),3,,,,
minekea:furniture/seating/chairs/pale_oak,-91,60,185,pale_oak,Pale Oak (49),4,facing=south,,,
minekea:furniture/seating/chairs/stripped_pale_oak,-90,60,185,pale_oak,Pale Oak (49),4,facing=south,,,
minekea:furniture/seating/stools/pale_oak,-89,60,185,pale_oak,Pale Oak (49),4,,,,
minekea:furniture/seating/stools/stripped_pale_oak,-88,60,185,pale_oak,Pale Oak (49),4,,,,
minekea:furniture/tables/pale_oak,-87,60,185,pale_oak,Pale Oak (49),4,,,,
minekea:furniture/tables/stripped_pale_oak,-86,60,185,pale_oak,Pale Oak (49),4,,,,
minekea:containers/crates/pale_oak,-91,61,184,pale_oak,Pale Oak (49),5,,,,
minekea:containers/crates/trapped/pale_oak,-90,61,184,pale_oak,Pale Oak (49),5,,,,
minekea:containers/barrels/pale_oak,-89,61,184,pale_oak,Pale Oak (49),5,facing=south,,,
minekea:furniture/display_cases/pale_oak,-88,61,184,pale_oak,Pale Oak (49),5,,,,
minekea:furniture/display_cases/stripped/pale_oak,-87,61,184,pale_oak,Pale Oak (49),5,,,,
minekea:furniture/shutters/pale_oak,-86,61,184,pale_oak,Pale Oak (49),5,,,,
minekea:furniture/shutters/stripped_pale_oak,-85,61,184,pale_oak,Pale Oak (49),5,,,,
minekea:furniture/trapdoors/bookshelves/pale_oak,-84,61,184,pale_oak,Pale Oak (49),5,"facing=south,half=bottom,open=true",,,
minekea:furniture/armoires/pale_oak,-91,62,183,pale_oak,Pale Oak (49),6,"facing=north,half=lower","facing=north,half=upper",,
minekea:furniture/doors/bookshelves/pale_oak,-90,62,183,pale_oak,Pale Oak (49),6,"facing=south,half=lower,hinge=left,open=false","facing=south,half=upper,hinge=left,open=false",,
minekea:building/compressed/pale_oak_log/1x,-91,64,182,pale_oak,Pale Oak (49),7,,,,
minekea:building/compressed/pale_oak_log/2x,-90,64,182,pale_oak,Pale Oak (49),7,,,,
minekea:building/compressed/pale_oak_log/3x,-89,64,182,pale_oak,Pale Oak (49),7,,,,
minekea:building/compressed/pale_oak_log/4x,-91,65,181,pale_oak,Pale Oak (49),8,,,,
minekea:building/compressed/pale_oak_log/5x,-90,65,181,pale_oak,Pale Oak (49),8,,,,
minekea:building/compressed/pale_oak_log/6x,-89,65,181,pale_oak,Pale Oak (49),8,,,,
minekea:building/compressed/pale_oak_log/7x,-91,66,180,pale_oak,Pale Oak (49),9,,,,
minekea:building/compressed/pale_oak_log/8x,-90,66,180,pale_oak,Pale Oak (49),9,,,,
minekea:building/compressed/pale_oak_log/9x,-89,66,180,pale_oak,Pale Oak (49),9,,,,
minekea:building/compressed/pale_oak_planks/1x,-87,64,182,pale_oak,Pale Oak (49),7,,,,
minekea:building/compressed/pale_oak_planks/2x,-86,64,182,pale_oak,Pale Oak (49),7,,,,
minekea:building/compressed/pale_oak_planks/3x,-85,64,182,pale_oak,Pale Oak (49),7,,,,
minekea:building/compressed/pale_oak_planks/4x,-87,65,181,pale_oak,Pale Oak (49),8,,,,
minekea:building/compressed/pale_oak_planks/5x,-86,65,181,pale_oak,Pale Oak (49),8,,,,
minekea:building/compressed/pale_oak_planks/6x,-85,65,181,pale_oak,Pale Oak (49),8,,,,
minekea:building/compressed/pale_oak_planks/7x,-87,66,180,pale_oak,Pale Oak (49),9,,,,
minekea:building/compressed/pale_oak_planks/8x,-86,66,180,pale_oak,Pale Oak (49),9,,,,
minekea:building/compressed/pale_oak_planks/9x,-85,66,180,pale_oak,Pale Oak (49),9,,,,
minekea:building/general/framed_planks/bamboo,-77,56,189,bamboo,Bamboo (28),0,,,,
minekea:building/general/framed_planks/bamboo_stripped,-76,56,189,bamboo,Bamboo (28),0,,,,
minekea:building/slabs/vertical/bamboo_mosaic,-81,57,188,bamboo,Bamboo (28),1,facing=east,,,
minekea:building/slabs/vertical/bamboo_planks,-80,57,188,bamboo,Bamboo (28),1,facing=east,,,
minekea:building/slabs/bookshelves/bamboo,-79,57,188,bamboo,Bamboo (28),1,,,,
minekea:building/slabs/bookshelves/vertical/bamboo,-78,57,188,bamboo,Bamboo (28),1,facing=east,,,
minekea:building/stairs/vertical/bamboo_mosaic,-81,58,187,bamboo,Bamboo (28),2,facing=south,,,
minekea:building/stairs/bookshelves/bamboo,-80,58,187,bamboo,Bamboo (28),2,facing=north,,,
minekea:building/stairs/bookshelves/vertical/bamboo,-79,58,187,bamboo,Bamboo (28),2,facing=south,,,
minekea:furniture/bookshelves/bamboo,-81,59,186,bamboo,Bamboo (28),3,,,,
minekea:furniture/shelves/floating/bamboo,-80,59,186,bamboo,Bamboo (28),3,,,,
minekea:furniture/shelves/supported/bamboo,-79,59,186,bamboo,Bamboo (28),3,,,,
minekea:furniture/seating/chairs/bamboo,-81,60,185,bamboo,Bamboo (28),4,facing=south,,,
minekea:furniture/seating/chairs/stripped_bamboo,-80,60,185,bamboo,Bamboo (28),4,facing=south,,,
minekea:furniture/seating/stools/bamboo,-79,60,185,bamboo,Bamboo (28),4,,,,
minekea:furniture/seating/stools/stripped_bamboo,-78,60,185,bamboo,Bamboo (28),4,,,,
minekea:furniture/tables/bamboo,-77,60,185,bamboo,Bamboo (28),4,,,,
minekea:furniture/tables/stripped_bamboo,-76,60,185,bamboo,Bamboo (28),4,,,,
minekea:containers/crates/bamboo,-81,61,184,bamboo,Bamboo (28),5,,,,
minekea:containers/crates/trapped/bamboo,-80,61,184,bamboo,Bamboo (28),5,,,,
minekea:containers/barrels/bamboo,-79,61,184,bamboo,Bamboo (28),5,facing=south,,,
minekea:furniture/display_cases/bamboo,-78,61,184,bamboo,Bamboo (28),5,,,,
minekea:furniture/display_cases/stripped/bamboo,-77,61,184,bamboo,Bamboo (28),5,,,,
minekea:furniture/shutters/bamboo,-76,61,184,bamboo,Bamboo (28),5,,,,
minekea:furniture/shutters/stripped_bamboo,-75,61,184,bamboo,Bamboo (28),5,,,,
minekea:furniture/trapdoors/bookshelves/bamboo,-74,61,184,bamboo,Bamboo (28),5,"facing=south,half=bottom,open=true",,,
minekea:furniture/armoires/bamboo,-81,62,183,bamboo,Bamboo (28),6,"facing=north,half=lower","facing=north,half=upper",,
minekea:furniture/doors/bookshelves/bamboo,-80,62,183,bamboo,Bamboo (28),6,"facing=south,half=lower,hinge=left,open=false","facing=south,half=upper,hinge=left,open=false",,
minekea:building/beams/crimson,-191,56,175,crimson,Crimson (49),0,,,,
minekea:building/beams/crimson_stem,-190,56,175,crimson,Crimson (49),0,,,,
minekea:building/covers/crimson,-189,56,175,crimson,Crimson (49),0,facing=south,,,
minekea:building/covers/crimson_stem,-188,56,175,crimson,Crimson (49),0,facing=south,,,
minekea:building/general/framed_planks/crimson,-187,56,175,crimson,Crimson (49),0,,,,
minekea:building/general/framed_planks/crimson_stripped,-186,56,175,crimson,Crimson (49),0,,,,
minekea:building/slabs/vertical/crimson,-191,57,174,crimson,Crimson (49),1,facing=east,,,
minekea:building/slabs/bookshelves/crimson,-189,57,174,crimson,Crimson (49),1,,,,
minekea:building/slabs/bookshelves/vertical/crimson,-188,57,174,crimson,Crimson (49),1,facing=east,,,
minekea:building/stairs/vertical/crimson_planks,-191,58,173,crimson,Crimson (49),2,facing=south,,,
minekea:building/stairs/bookshelves/crimson,-190,58,173,crimson,Crimson (49),2,facing=north,,,
minekea:building/stairs/bookshelves/vertical/crimson,-189,58,173,crimson,Crimson (49),2,facing=south,,,
minekea:furniture/bookshelves/crimson,-191,59,172,crimson,Crimson (49),3,,,,
minekea:furniture/shelves/floating/crimson,-190,59,172,crimson,Crimson (49),3,,,,
minekea:furniture/shelves/supported/crimson,-189,59,172,crimson,Crimson (49),3,,,,
minekea:furniture/seating/chairs/crimson,-191,60,171,crimson,Crimson (49),4,facing=south,,,
minekea:furniture/seating/chairs/stripped_crimson,-190,60,171,crimson,Crimson (49),4,facing=south,,,
minekea:furniture/seating/stools/crimson,-189,60,171,crimson,Crimson (49),4,,,,
minekea:furniture/seating/stools/stripped_crimson,-188,60,171,crimson,Crimson (49),4,,,,
minekea:furniture/tables/crimson,-187,60,171,crimson,Crimson (49),4,,,,
minekea:furniture/tables/stripped_crimson,-186,60,171,crimson,Crimson (49),4,,,,
minekea:containers/crates/crimson,-191,61,170,crimson,Crimson (49),5,,,,
minekea:containers/crates/trapped/crimson,-190,61,170,crimson,Crimson (49),5,,,,
minekea:containers/barrels/crimson,-189,61,170,crimson,Crimson (49),5,facing=south,,,
minekea:furniture/display_cases/crimson,-188,61,170,crimson,Crimson (49),5,,,,
minekea:furniture/display_cases/stripped/crimson,-187,61,170,crimson,Crimson (49),5,,,,
minekea:furniture/shutters/crimson,-186,61,170,crimson,Crimson (49),5,,,,
minekea:furniture/shutters/stripped_crimson,-185,61,170,crimson,Crimson (49),5,,,,
minekea:furniture/trapdoors/bookshelves/crimson,-184,61,170,crimson,Crimson (49),5,"facing=south,half=bottom,open=true",,,
minekea:furniture/armoires/crimson,-191,62,169,crimson,Crimson (49),6,"facing=north,half=lower","facing=north,half=upper",,
minekea:furniture/doors/bookshelves/crimson,-190,62,169,crimson,Crimson (49),6,"facing=south,half=lower,hinge=left,open=false","facing=south,half=upper,hinge=left,open=false",,
minekea:building/compressed/crimson_planks/1x,-191,64,168,crimson,Crimson (49),7,,,,
minekea:building/compressed/crimson_planks/2x,-190,64,168,crimson,Crimson (49),7,,,,
minekea:building/compressed/crimson_planks/3x,-189,64,168,crimson,Crimson (49),7,,,,
minekea:building/compressed/crimson_planks/4x,-191,65,167,crimson,Crimson (49),8,,,,
minekea:building/compressed/crimson_planks/5x,-190,65,167,crimson,Crimson (49),8,,,,
minekea:building/compressed/crimson_planks/6x,-189,65,167,crimson,Crimson (49),8,,,,
minekea:building/compressed/crimson_planks/7x,-191,66,166,crimson,Crimson (49),9,,,,
minekea:building/compressed/crimson_planks/8x,-190,66,166,crimson,Crimson (49),9,,,,
minekea:building/compressed/crimson_planks/9x,-189,66,166,crimson,Crimson (49),9,,,,
minekea:building/compressed/crimson_stem/1x,-187,64,168,crimson,Crimson (49),7,,,,
minekea:building/compressed/crimson_stem/2x,-186,64,168,crimson,Crimson (49),7,,,,
minekea:building/compressed/crimson_stem/3x,-185,64,168,crimson,Crimson (49),7,,,,
minekea:building/compressed/crimson_stem/4x,-187,65,167,crimson,Crimson (49),8,,,,
minekea:building/compressed/crimson_stem/5x,-186,65,167,crimson,Crimson (49),8,,,,
minekea:building/compressed/crimson_stem/6x,-185,65,167,crimson,Crimson (49),8,,,,
minekea:building/compressed/crimson_stem/7x,-187,66,166,crimson,Crimson (49),9,,,,
minekea:building/compressed/crimson_stem/8x,-186,66,166,crimson,Crimson (49),9,,,,
minekea:building/compressed/crimson_stem/9x,-185,66,166,crimson,Crimson (49),9,,,,
minekea:building/beams/warped,-181,56,175,warped,Warped (50),0,,,,
minekea:building/beams/warped_stem,-180,56,175,warped,Warped (50),0,,,,
minekea:building/covers/warped,-179,56,175,warped,Warped (50),0,facing=south,,,
minekea:building/covers/warped_stem,-178,56,175,warped,Warped (50),0,facing=south,,,
minekea:building/general/framed_planks/warped,-177,56,175,warped,Warped (50),0,,,,
minekea:building/general/framed_planks/warped_stripped,-176,56,175,warped,Warped (50),0,,,,
minekea:building/slabs/vertical/warped,-181,57,174,warped,Warped (50),1,facing=east,,,
minekea:building/slabs/bookshelves/warped,-179,57,174,warped,Warped (50),1,,,,
minekea:building/slabs/bookshelves/vertical/warped,-178,57,174,warped,Warped (50),1,facing=east,,,
minekea:building/stairs/vertical/warped_planks,-181,58,173,warped,Warped (50),2,facing=south,,,
minekea:building/stairs/bookshelves/warped,-180,58,173,warped,Warped (50),2,facing=north,,,
minekea:building/stairs/bookshelves/vertical/warped,-179,58,173,warped,Warped (50),2,facing=south,,,
minekea:furniture/bookshelves/warped,-181,59,172,warped,Warped (50),3,,,,
minekea:furniture/shelves/floating/warped,-180,59,172,warped,Warped (50),3,,,,
minekea:furniture/shelves/supported/warped,-179,59,172,warped,Warped (50),3,,,,
minekea:furniture/seating/chairs/warped,-181,60,171,warped,Warped (50),4,facing=south,,,
minekea:furniture/seating/chairs/stripped_warped,-180,60,171,warped,Warped (50),4,facing=south,,,
minekea:furniture/seating/stools/warped,-179,60,171,warped,Warped (50),4,,,,
minekea:furniture/seating/stools/stripped_warped,-178,60,171,warped,Warped (50),4,,,,
minekea:furniture/tables/warped,-177,60,171,warped,Warped (50),4,,,,
minekea:furniture/tables/stripped_warped,-176,60,171,warped,Warped (50),4,,,,
minekea:containers/crates/warped,-181,61,170,warped,Warped (50),5,,,,
minekea:containers/crates/trapped/warped,-180,61,170,warped,Warped (50),5,,,,
minekea:containers/barrels/warped,-179,61,170,warped,Warped (50),5,facing=south,,,
minekea:furniture/display_cases/warped,-178,61,170,warped,Warped (50),5,,,,
minekea:furniture/display_cases/stripped/warped,-177,61,170,warped,Warped (50),5,,,,
minekea:furniture/shutters/warped,-176,61,170,warped,Warped (50),5,,,,
minekea:furniture/shutters/stripped_warped,-175,61,170,warped,Warped (50),5,,,,
minekea:furniture/trapdoors/bookshelves/warped,-174,61,170,warped,Warped (50),5,"facing=south,half=bottom,open=true",,,
minekea:crops/warped_wart/block,-173,61,170,warped,Warped (50),5,,,,
minekea:furniture/armoires/warped,-181,62,169,warped,Warped (50),6,"facing=north,half=lower","facing=north,half=upper",,
minekea:furniture/doors/bookshelves/warped,-180,62,169,warped,Warped (50),6,"facing=south,half=lower,hinge=left,open=false","facing=south,half=upper,hinge=left,open=false",,
minekea:building/compressed/warped_planks/1x,-181,64,168,warped,Warped (50),7,,,,
minekea:building/compressed/warped_planks/2x,-180,64,168,warped,Warped (50),7,,,,
minekea:building/compressed/warped_planks/3x,-179,64,168,warped,Warped (50),7,,,,
minekea:building/compressed/warped_planks/4x,-181,65,167,warped,Warped (50),8,,,,
minekea:building/compressed/warped_planks/5x,-180,65,167,warped,Warped (50),8,,,,
minekea:building/compressed/warped_planks/6x,-179,65,167,warped,Warped (50),8,,,,
minekea:building/compressed/warped_planks/7x,-181,66,166,warped,Warped (50),9,,,,
minekea:building/compressed/warped_planks/8x,-180,66,166,warped,Warped (50),9,,,,
minekea:building/compressed/warped_planks/9x,-179,66,166,warped,Warped (50),9,,,,
minekea:building/compressed/warped_stem/1x,-177,64,168,warped,Warped (50),7,,,,
minekea:building/compressed/warped_stem/2x,-176,64,168,warped,Warped (50),7,,,,
minekea:building/compressed/warped_stem/3x,-175,64,168,warped,Warped (50),7,,,,
minekea:building/compressed/warped_stem/4x,-177,65,167,warped,Warped (50),8,,,,
minekea:building/compressed/warped_stem/5x,-176,65,167,warped,Warped (50),8,,,,
minekea:building/compressed/warped_stem/6x,-175,65,167,warped,Warped (50),8,,,,
minekea:building/compressed/warped_stem/7x,-177,66,166,warped,Warped (50),9,,,,
minekea:building/compressed/warped_stem/8x,-176,66,166,warped,Warped (50),9,,,,
minekea:building/compressed/warped_stem/9x,-175,66,166,warped,Warped (50),9,,,,
minekea:building/dyed/bone_block/white,-170,56,175,Dyed Blocks,Dyed Blocks (192),0,,,,
minekea:building/dyed/bone_block/light_gray,-170,56,174,Dyed Blocks,Dyed Blocks (192),1,,,,
minekea:building/dyed/bone_block/gray,-170,56,173,Dyed Blocks,Dyed Blocks (192),2,,,,
minekea:building/dyed/bone_block/black,-170,56,172,Dyed Blocks,Dyed Blocks (192),3,,,,
minekea:building/dyed/bone_block/brown,-170,56,171,Dyed Blocks,Dyed Blocks (192),4,,,,
minekea:building/dyed/bone_block/red,-170,56,170,Dyed Blocks,Dyed Blocks (192),5,,,,
minekea:building/dyed/bone_block/orange,-170,56,169,Dyed Blocks,Dyed Blocks (192),6,,,,
minekea:building/dyed/bone_block/yellow,-170,56,168,Dyed Blocks,Dyed Blocks (192),7,,,,
minekea:building/dyed/bone_block/lime,-170,56,167,Dyed Blocks,Dyed Blocks (192),8,,,,
minekea:building/dyed/bone_block/green,-170,56,166,Dyed Blocks,Dyed Blocks (192),9,,,,
minekea:building/dyed/bone_block/cyan,-170,56,165,Dyed Blocks,Dyed Blocks (192),10,,,,
minekea:building/dyed/bone_block/light_blue,-170,56,164,Dyed Blocks,Dyed Blocks (192),11,,,,
minekea:building/dyed/bone_block/blue,-170,56,163,Dyed Blocks,Dyed Blocks (192),12,,,,
minekea:building/dyed/bone_block/purple,-170,56,162,Dyed Blocks,Dyed Blocks (192),13,,,,
minekea:building/dyed/bone_block/magenta,-170,56,161,Dyed Blocks,Dyed Blocks (192),14,,,,
minekea:building/dyed/bone_block/pink,-170,56,160,Dyed Blocks,Dyed Blocks (192),15,,,,
minekea:building/dyed/bricks/white,-168,56,175,Dyed Blocks,Dyed Blocks (192),0,,,,
minekea:building/dyed/bricks/light_gray,-168,56,174,Dyed Blocks,Dyed Blocks (192),1,,,,
minekea:building/dyed/bricks/gray,-168,56,173,Dyed Blocks,Dyed Blocks (192),2,,,,
minekea:building/dyed/bricks/black,-168,56,172,Dyed Blocks,Dyed Blocks (192),3,,,,
minekea:building/dyed/bricks/brown,-168,56,171,Dyed Blocks,Dyed Blocks (192),4,,,,
minekea:building/dyed/bricks/red,-168,56,170,Dyed Blocks,Dyed Blocks (192),5,,,,
minekea:building/dyed/bricks/orange,-168,56,169,Dyed Blocks,Dyed Blocks (192),6,,,,
minekea:building/dyed/bricks/yellow,-168,56,168,Dyed Blocks,Dyed Blocks (192),7,,,,
minekea:building/dyed/bricks/lime,-168,56,167,Dyed Blocks,Dyed Blocks (192),8,,,,
minekea:building/dyed/bricks/green,-168,56,166,Dyed Blocks,Dyed Blocks (192),9,,,,
minekea:building/dyed/bricks/cyan,-168,56,165,Dyed Blocks,Dyed Blocks (192),10,,,,
minekea:building/dyed/bricks/light_blue,-168,56,164,Dyed Blocks,Dyed Blocks (192),11,,,,
minekea:building/dyed/bricks/blue,-168,56,163,Dyed Blocks,Dyed Blocks (192),12,,,,
minekea:building/dyed/bricks/purple,-168,56,162,Dyed Blocks,Dyed Blocks (192),13,,,,
minekea:building/dyed/bricks/magenta,-168,56,161,Dyed Blocks,Dyed Blocks (192),14,,,,
minekea:building/dyed/bricks/pink,-168,56,160,Dyed Blocks,Dyed Blocks (192),15,,,,
minekea:building/dyed/calcite/white,-166,56,175,Dyed Blocks,Dyed Blocks (192),0,,,,
minekea:building/dyed/calcite/light_gray,-166,56,174,Dyed Blocks,Dyed Blocks (192),1,,,,
minekea:building/dyed/calcite/gray,-166,56,173,Dyed Blocks,Dyed Blocks (192),2,,,,
minekea:building/dyed/calcite/black,-166,56,172,Dyed Blocks,Dyed Blocks (192),3,,,,
minekea:building/dyed/calcite/brown,-166,56,171,Dyed Blocks,Dyed Blocks (192),4,,,,
minekea:building/dyed/calcite/red,-166,56,170,Dyed Blocks,Dyed Blocks (192),5,,,,
minekea:building/dyed/calcite/orange,-166,56,169,Dyed Blocks,Dyed Blocks (192),6,,,,
minekea:building/dyed/calcite/yellow,-166,56,168,Dyed Blocks,Dyed Blocks (192),7,,,,
minekea:building/dyed/calcite/lime,-166,56,167,Dyed Blocks,Dyed Blocks (192),8,,,,
minekea:building/dyed/calcite/green,-166,56,166,Dyed Blocks,Dyed Blocks (192),9,,,,
minekea:building/dyed/calcite/cyan,-166,56,165,Dyed Blocks,Dyed Blocks (192),10,,,,
minekea:building/dyed/calcite/light_blue,-166,56,164,Dyed Blocks,Dyed Blocks (192),11,,,,
minekea:building/dyed/calcite/blue,-166,56,163,Dyed Blocks,Dyed Blocks (192),12,,,,
minekea:building/dyed/calcite/purple,-166,56,162,Dyed Blocks,Dyed Blocks (192),13,,,,
minekea:building/dyed/calcite/magenta,-166,56,161,Dyed Blocks,Dyed Blocks (192),14,,,,
minekea:building/dyed/calcite/pink,-166,56,160,Dyed Blocks,Dyed Blocks (192),15,,,,
minekea:building/dyed/cobblestone/white,-164,56,175,Dyed Blocks,Dyed Blocks (192),0,,,,
minekea:building/dyed/cobblestone/light_gray,-164,56,174,Dyed Blocks,Dyed Blocks (192),1,,,,
minekea:building/dyed/cobblestone/gray,-164,56,173,Dyed Blocks,Dyed Blocks (192),2,,,,
minekea:building/dyed/cobblestone/black,-164,56,172,Dyed Blocks,Dyed Blocks (192),3,,,,
minekea:building/dyed/cobblestone/brown,-164,56,171,Dyed Blocks,Dyed Blocks (192),4,,,,
minekea:building/dyed/cobblestone/red,-164,56,170,Dyed Blocks,Dyed Blocks (192),5,,,,
minekea:building/dyed/cobblestone/orange,-164,56,169,Dyed Blocks,Dyed Blocks (192),6,,,,
minekea:building/dyed/cobblestone/yellow,-164,56,168,Dyed Blocks,Dyed Blocks (192),7,,,,
minekea:building/dyed/cobblestone/lime,-164,56,167,Dyed Blocks,Dyed Blocks (192),8,,,,
minekea:building/dyed/cobblestone/green,-164,56,166,Dyed Blocks,Dyed Blocks (192),9,,,,
minekea:building/dyed/cobblestone/cyan,-164,56,165,Dyed Blocks,Dyed Blocks (192),10,,,,
minekea:building/dyed/cobblestone/light_blue,-164,56,164,Dyed Blocks,Dyed Blocks (192),11,,,,
minekea:building/dyed/cobblestone/blue,-164,56,163,Dyed Blocks,Dyed Blocks (192),12,,,,
minekea:building/dyed/cobblestone/purple,-164,56,162,Dyed Blocks,Dyed Blocks (192),13,,,,
minekea:building/dyed/cobblestone/magenta,-164,56,161,Dyed Blocks,Dyed Blocks (192),14,,,,
minekea:building/dyed/cobblestone/pink,-164,56,160,Dyed Blocks,Dyed Blocks (192),15,,,,
minekea:building/dyed/dark_prismarine/white,-162,56,175,Dyed Blocks,Dyed Blocks (192),0,,,,
minekea:building/dyed/dark_prismarine/light_gray,-162,56,174,Dyed Blocks,Dyed Blocks (192),1,,,,
minekea:building/dyed/dark_prismarine/gray,-162,56,173,Dyed Blocks,Dyed Blocks (192),2,,,,
minekea:building/dyed/dark_prismarine/black,-162,56,172,Dyed Blocks,Dyed Blocks (192),3,,,,
minekea:building/dyed/dark_prismarine/brown,-162,56,171,Dyed Blocks,Dyed Blocks (192),4,,,,
minekea:building/dyed/dark_prismarine/red,-162,56,170,Dyed Blocks,Dyed Blocks (192),5,,,,
minekea:building/dyed/dark_prismarine/orange,-162,56,169,Dyed Blocks,Dyed Blocks (192),6,,,,
minekea:building/dyed/dark_prismarine/yellow,-162,56,168,Dyed Blocks,Dyed Blocks (192),7,,,,
minekea:building/dyed/dark_prismarine/lime,-162,56,167,Dyed Blocks,Dyed Blocks (192),8,,,,
minekea:building/dyed/dark_prismarine/green,-162,56,166,Dyed Blocks,Dyed Blocks (192),9,,,,
minekea:building/dyed/dark_prismarine/cyan,-162,56,165,Dyed Blocks,Dyed Blocks (192),10,,,,
minekea:building/dyed/dark_prismarine/light_blue,-162,56,164,Dyed Blocks,Dyed Blocks (192),11,,,,
minekea:building/dyed/dark_prismarine/blue,-162,56,163,Dyed Blocks,Dyed Blocks (192),12,,,,
minekea:building/dyed/dark_prismarine/purple,-162,56,162,Dyed Blocks,Dyed Blocks (192),13,,,,
minekea:building/dyed/dark_prismarine/magenta,-162,56,161,Dyed Blocks,Dyed Blocks (192),14,,,,
minekea:building/dyed/dark_prismarine/pink,-162,56,160,Dyed Blocks,Dyed Blocks (192),15,,,,
minekea:building/dyed/mud_bricks/white,-160,56,175,Dyed Blocks,Dyed Blocks (192),0,,,,
minekea:building/dyed/mud_bricks/light_gray,-160,56,174,Dyed Blocks,Dyed Blocks (192),1,,,,
minekea:building/dyed/mud_bricks/gray,-160,56,173,Dyed Blocks,Dyed Blocks (192),2,,,,
minekea:building/dyed/mud_bricks/black,-160,56,172,Dyed Blocks,Dyed Blocks (192),3,,,,
minekea:building/dyed/mud_bricks/brown,-160,56,171,Dyed Blocks,Dyed Blocks (192),4,,,,
minekea:building/dyed/mud_bricks/red,-160,56,170,Dyed Blocks,Dyed Blocks (192),5,,,,
minekea:building/dyed/mud_bricks/orange,-160,56,169,Dyed Blocks,Dyed Blocks (192),6,,,,
minekea:building/dyed/mud_bricks/yellow,-160,56,168,Dyed Blocks,Dyed Blocks (192),7,,,,
minekea:building/dyed/mud_bricks/lime,-160,56,167,Dyed Blocks,Dyed Blocks (192),8,,,,
minekea:building/dyed/mud_bricks/green,-160,56,166,Dyed Blocks,Dyed Blocks (192),9,,,,
minekea:building/dyed/mud_bricks/cyan,-160,56,165,Dyed Blocks,Dyed Blocks (192),10,,,,
minekea:building/dyed/mud_bricks/light_blue,-160,56,164,Dyed Blocks,Dyed Blocks (192),11,,,,
minekea:building/dyed/mud_bricks/blue,-160,56,163,Dyed Blocks,Dyed Blocks (192),12,,,,
minekea:building/dyed/mud_bricks/purple,-160,56,162,Dyed Blocks,Dyed Blocks (192),13,,,,
minekea:building/dyed/mud_bricks/magenta,-160,56,161,Dyed Blocks,Dyed Blocks (192),14,,,,
minekea:building/dyed/mud_bricks/pink,-160,56,160,Dyed Blocks,Dyed Blocks (192),15,,,,
minekea:building/dyed/oak_planks/white,-158,56,175,Dyed Blocks,Dyed Blocks (192),0,,,,
minekea:building/dyed/oak_planks/light_gray,-158,56,174,Dyed Blocks,Dyed Blocks (192),1,,,,
minekea:building/dyed/oak_planks/gray,-158,56,173,Dyed Blocks,Dyed Blocks (192),2,,,,
minekea:building/dyed/oak_planks/black,-158,56,172,Dyed Blocks,Dyed Blocks (192),3,,,,
minekea:building/dyed/oak_planks/brown,-158,56,171,Dyed Blocks,Dyed Blocks (192),4,,,,
minekea:building/dyed/oak_planks/red,-158,56,170,Dyed Blocks,Dyed Blocks (192),5,,,,
minekea:building/dyed/oak_planks/orange,-158,56,169,Dyed Blocks,Dyed Blocks (192),6,,,,
minekea:building/dyed/oak_planks/yellow,-158,56,168,Dyed Blocks,Dyed Blocks (192),7,,,,
minekea:building/dyed/oak_planks/lime,-158,56,167,Dyed Blocks,Dyed Blocks (192),8,,,,
minekea:building/dyed/oak_planks/green,-158,56,166,Dyed Blocks,Dyed Blocks (192),9,,,,
minekea:building/dyed/oak_planks/cyan,-158,56,165,Dyed Blocks,Dyed Blocks (192),10,,,,
minekea:building/dyed/oak_planks/light_blue,-158,56,164,Dyed Blocks,Dyed Blocks (192),11,,,,
minekea:building/dyed/oak_planks/blue,-158,56,163,Dyed Blocks,Dyed Blocks (192),12,,,,
minekea:building/dyed/oak_planks/purple,-158,56,162,Dyed Blocks,Dyed Blocks (192),13,,,,
minekea:building/dyed/oak_planks/magenta,-158,56,161,Dyed Blocks,Dyed Blocks (192),14,,,,
minekea:building/dyed/oak_planks/pink,-158,56,160,Dyed Blocks,Dyed Blocks (192),15,,,,
minekea:building/dyed/prismarine/white,-156,56,175,Dyed Blocks,Dyed Blocks (192),0,,,,
minekea:building/dyed/prismarine/light_gray,-156,56,174,Dyed Blocks,Dyed Blocks (192),1,,,,
minekea:building/dyed/prismarine/gray,-156,56,173,Dyed Blocks,Dyed Blocks (192),2,,,,
minekea:building/dyed/prismarine/black,-156,56,172,Dyed Blocks,Dyed Blocks (192),3,,,,
minekea:building/dyed/prismarine/brown,-156,56,171,Dyed Blocks,Dyed Blocks (192),4,,,,
minekea:building/dyed/prismarine/red,-156,56,170,Dyed Blocks,Dyed Blocks (192),5,,,,
minekea:building/dyed/prismarine/orange,-156,56,169,Dyed Blocks,Dyed Blocks (192),6,,,,
minekea:building/dyed/prismarine/yellow,-156,56,168,Dyed Blocks,Dyed Blocks (192),7,,,,
minekea:building/dyed/prismarine/lime,-156,56,167,Dyed Blocks,Dyed Blocks (192),8,,,,
minekea:building/dyed/prismarine/green,-156,56,166,Dyed Blocks,Dyed Blocks (192),9,,,,
minekea:building/dyed/prismarine/cyan,-156,56,165,Dyed Blocks,Dyed Blocks (192),10,,,,
minekea:building/dyed/prismarine/light_blue,-156,56,164,Dyed Blocks,Dyed Blocks (192),11,,,,
minekea:building/dyed/prismarine/blue,-156,56,163,Dyed Blocks,Dyed Blocks (192),12,,,,
minekea:building/dyed/prismarine/purple,-156,56,162,Dyed Blocks,Dyed Blocks (192),13,,,,
minekea:building/dyed/prismarine/magenta,-156,56,161,Dyed Blocks,Dyed Blocks (192),14,,,,
minekea:building/dyed/prismarine/pink,-156,56,160,Dyed Blocks,Dyed Blocks (192),15,,,,
minekea:building/dyed/prismarine_bricks/white,-154,56,175,Dyed Blocks,Dyed Blocks (192),0,,,,
minekea:building/dyed/prismarine_bricks/light_gray,-154,56,174,Dyed Blocks,Dyed Blocks (192),1,,,,
minekea:building/dyed/prismarine_bricks/gray,-154,56,173,Dyed Blocks,Dyed Blocks (192),2,,,,
minekea:building/dyed/prismarine_bricks/black,-154,56,172,Dyed Blocks,Dyed Blocks (192),3,,,,
minekea:building/dyed/prismarine_bricks/brown,-154,56,171,Dyed Blocks,Dyed Blocks (192),4,,,,
minekea:building/dyed/prismarine_bricks/red,-154,56,170,Dyed Blocks,Dyed Blocks (192),5,,,,
minekea:building/dyed/prismarine_bricks/orange,-154,56,169,Dyed Blocks,Dyed Blocks (192),6,,,,
minekea:building/dyed/prismarine_bricks/yellow,-154,56,168,Dyed Blocks,Dyed Blocks (192),7,,,,
minekea:building/dyed/prismarine_bricks/lime,-154,56,167,Dyed Blocks,Dyed Blocks (192),8,,,,
minekea:building/dyed/prismarine_bricks/green,-154,56,166,Dyed Blocks,Dyed Blocks (192),9,,,,
minekea:building/dyed/prismarine_bricks/cyan,-154,56,165,Dyed Blocks,Dyed Blocks (192),10,,,,
minekea:building/dyed/prismarine_bricks/light_blue,-154,56,164,Dyed Blocks,Dyed Blocks (192),11,,,,
minekea:building/dyed/prismarine_bricks/blue,-154,56,163,Dyed Blocks,Dyed Blocks (192),12,,,,
minekea:building/dyed/prismarine_bricks/purple,-154,56,162,Dyed Blocks,Dyed Blocks (192),13,,,,
minekea:building/dyed/prismarine_bricks/magenta,-154,56,161,Dyed Blocks,Dyed Blocks (192),14,,,,
minekea:building/dyed/prismarine_bricks/pink,-154,56,160,Dyed Blocks,Dyed Blocks (192),15,,,,
minekea:building/dyed/smooth_stone/white,-152,56,175,Dyed Blocks,Dyed Blocks (192),0,,,,
minekea:building/dyed/smooth_stone/light_gray,-152,56,174,Dyed Blocks,Dyed Blocks (192),1,,,,
minekea:building/dyed/smooth_stone/gray,-152,56,173,Dyed Blocks,Dyed Blocks (192),2,,,,
minekea:building/dyed/smooth_stone/black,-152,56,172,Dyed Blocks,Dyed Blocks (192),3,,,,
minekea:building/dyed/smooth_stone/brown,-152,56,171,Dyed Blocks,Dyed Blocks (192),4,,,,
minekea:building/dyed/smooth_stone/red,-152,56,170,Dyed Blocks,Dyed Blocks (192),5,,,,
minekea:building/dyed/smooth_stone/orange,-152,56,169,Dyed Blocks,Dyed Blocks (192),6,,,,
minekea:building/dyed/smooth_stone/yellow,-152,56,168,Dyed Blocks,Dyed Blocks (192),7,,,,
minekea:building/dyed/smooth_stone/lime,-152,56,167,Dyed Blocks,Dyed Blocks (192),8,,,,
minekea:building/dyed/smooth_stone/green,-152,56,166,Dyed Blocks,Dyed Blocks (192),9,,,,
minekea:building/dyed/smooth_stone/cyan,-152,56,165,Dyed Blocks,Dyed Blocks (192),10,,,,
minekea:building/dyed/smooth_stone/light_blue,-152,56,164,Dyed Blocks,Dyed Blocks (192),11,,,,
minekea:building/dyed/smooth_stone/blue,-152,56,163,Dyed Blocks,Dyed Blocks (192),12,,,,
minekea:building/dyed/smooth_stone/purple,-152,56,162,Dyed Blocks,Dyed Blocks (192),13,,,,
minekea:building/dyed/smooth_stone/magenta,-152,56,161,Dyed Blocks,Dyed Blocks (192),14,,,,
minekea:building/dyed/smooth_stone/pink,-152,56,160,Dyed Blocks,Dyed Blocks (192),15,,,,
minekea:building/dyed/stone/white,-150,56,175,Dyed Blocks,Dyed Blocks (192),0,,,,
minekea:building/dyed/stone/light_gray,-150,56,174,Dyed Blocks,Dyed Blocks (192),1,,,,
minekea:building/dyed/stone/gray,-150,56,173,Dyed Blocks,Dyed Blocks (192),2,,,,
minekea:building/dyed/stone/black,-150,56,172,Dyed Blocks,Dyed Blocks (192),3,,,,
minekea:building/dyed/stone/brown,-150,56,171,Dyed Blocks,Dyed Blocks (192),4,,,,
minekea:building/dyed/stone/red,-150,56,170,Dyed Blocks,Dyed Blocks (192),5,,,,
minekea:building/dyed/stone/orange,-150,56,169,Dyed Blocks,Dyed Blocks (192),6,,,,
minekea:building/dyed/stone/yellow,-150,56,168,Dyed Blocks,Dyed Blocks (192),7,,,,
minekea:building/dyed/stone/lime,-150,56,167,Dyed Blocks,Dyed Blocks (192),8,,,,
minekea:building/dyed/stone/green,-150,56,166,Dyed Blocks,Dyed Blocks (192),9,,,,
minekea:building/dyed/stone/cyan,-150,56,165,Dyed Blocks,Dyed Blocks (192),10,,,,
minekea:building/dyed/stone/light_blue,-150,56,164,Dyed Blocks,Dyed Blocks (192),11,,,,
minekea:building/dyed/stone/blue,-150,56,163,Dyed Blocks,Dyed Blocks (192),12,,,,
minekea:building/dyed/stone/purple,-150,56,162,Dyed Blocks,Dyed Blocks (192),13,,,,
minekea:building/dyed/stone/magenta,-150,56,161,Dyed Blocks,Dyed Blocks (192),14,,,,
minekea:building/dyed/stone/pink,-150,56,160,Dyed Blocks,Dyed Blocks (192),15,,,,
minekea:building/dyed/stone_bricks/white,-148,56,175,Dyed Blocks,Dyed Blocks (192),0,,,,
minekea:building/dyed/stone_bricks/light_gray,-148,56,174,Dyed Blocks,Dyed Blocks (192),1,,,,
minekea:building/dyed/stone_bricks/gray,-148,56,173,Dyed Blocks,Dyed Blocks (192),2,,,,
minekea:building/dyed/stone_bricks/black,-148,56,172,Dyed Blocks,Dyed Blocks (192),3,,,,
minekea:building/dyed/stone_bricks/brown,-148,56,171,Dyed Blocks,Dyed Blocks (192),4,,,,
minekea:building/dyed/stone_bricks/red,-148,56,170,Dyed Blocks,Dyed Blocks (192),5,,,,
minekea:building/dyed/stone_bricks/orange,-148,56,169,Dyed Blocks,Dyed Blocks (192),6,,,,
minekea:building/dyed/stone_bricks/yellow,-148,56,168,Dyed Blocks,Dyed Blocks (192),7,,,,
minekea:building/dyed/stone_bricks/lime,-148,56,167,Dyed Blocks,Dyed Blocks (192),8,,,,
minekea:building/dyed/stone_bricks/green,-148,56,166,Dyed Blocks,Dyed Blocks (192),9,,,,
minekea:building/dyed/stone_bricks/cyan,-148,56,165,Dyed Blocks,Dyed Blocks (192),10,,,,
minekea:building/dyed/stone_bricks/light_blue,-148,56,164,Dyed Blocks,Dyed Blocks (192),11,,,,
minekea:building/dyed/stone_bricks/blue,-148,56,163,Dyed Blocks,Dyed Blocks (192),12,,,,
minekea:building/dyed/stone_bricks/purple,-148,56,162,Dyed Blocks,Dyed Blocks (192),13,,,,
minekea:building/dyed/stone_bricks/magenta,-148,56,161,Dyed Blocks,Dyed Blocks (192),14,,,,
minekea:building/dyed/stone_bricks/pink,-148,56,160,Dyed Blocks,Dyed Blocks (192),15,,,,
minekea:building/beams/white_concrete,-145,56,175,Colored Building,Colored Building (96),0,,,,
minekea:building/beams/light_gray_concrete,-145,56,174,Colored Building,Colored Building (96),1,,,,
minekea:building/beams/gray_concrete,-145,56,173,Colored Building,Colored Building (96),2,,,,
minekea:building/beams/black_concrete,-145,56,172,Colored Building,Colored Building (96),3,,,,
minekea:building/beams/brown_concrete,-145,56,171,Colored Building,Colored Building (96),4,,,,
minekea:building/beams/red_concrete,-145,56,170,Colored Building,Colored Building (96),5,,,,
minekea:building/beams/orange_concrete,-145,56,169,Colored Building,Colored Building (96),6,,,,
minekea:building/beams/yellow_concrete,-145,56,168,Colored Building,Colored Building (96),7,,,,
minekea:building/beams/lime_concrete,-145,56,167,Colored Building,Colored Building (96),8,,,,
minekea:building/beams/green_concrete,-145,56,166,Colored Building,Colored Building (96),9,,,,
minekea:building/beams/cyan_concrete,-145,56,165,Colored Building,Colored Building (96),10,,,,
minekea:building/beams/light_blue_concrete,-145,56,164,Colored Building,Colored Building (96),11,,,,
minekea:building/beams/blue_concrete,-145,56,163,Colored Building,Colored Building (96),12,,,,
minekea:building/beams/purple_concrete,-145,56,162,Colored Building,Colored Building (96),13,,,,
minekea:building/beams/magenta_concrete,-145,56,161,Colored Building,Colored Building (96),14,,,,
minekea:building/beams/pink_concrete,-145,56,160,Colored Building,Colored Building (96),15,,,,
minekea:building/covers/white_concrete,-143,56,175,Colored Building,Colored Building (96),0,facing=south,,,
minekea:building/covers/light_gray_concrete,-143,56,174,Colored Building,Colored Building (96),1,facing=south,,,
minekea:building/covers/gray_concrete,-143,56,173,Colored Building,Colored Building (96),2,facing=south,,,
minekea:building/covers/black_concrete,-143,56,172,Colored Building,Colored Building (96),3,facing=south,,,
minekea:building/covers/brown_concrete,-143,56,171,Colored Building,Colored Building (96),4,facing=south,,,
minekea:building/covers/red_concrete,-143,56,170,Colored Building,Colored Building (96),5,facing=south,,,
minekea:building/covers/orange_concrete,-143,56,169,Colored Building,Colored Building (96),6,facing=south,,,
minekea:building/covers/yellow_concrete,-143,56,168,Colored Building,Colored Building (96),7,facing=south,,,
minekea:building/covers/lime_concrete,-143,56,167,Colored Building,Colored Building (96),8,facing=south,,,
minekea:building/covers/green_concrete,-143,56,166,Colored Building,Colored Building (96),9,facing=south,,,
minekea:building/covers/cyan_concrete,-143,56,165,Colored Building,Colored Building (96),10,facing=south,,,
minekea:building/covers/light_blue_concrete,-143,56,164,Colored Building,Colored Building (96),11,facing=south,,,
minekea:building/covers/blue_concrete,-143,56,163,Colored Building,Colored Building (96),12,facing=south,,,
minekea:building/covers/purple_concrete,-143,56,162,Colored Building,Colored Building (96),13,facing=south,,,
minekea:building/covers/magenta_concrete,-143,56,161,Colored Building,Colored Building (96),14,facing=south,,,
minekea:building/covers/pink_concrete,-143,56,160,Colored Building,Colored Building (96),15,facing=south,,,
minekea:building/beams/white_terracotta,-141,56,175,Colored Building,Colored Building (96),0,,,,
minekea:building/beams/light_gray_terracotta,-141,56,174,Colored Building,Colored Building (96),1,,,,
minekea:building/beams/gray_terracotta,-141,56,173,Colored Building,Colored Building (96),2,,,,
minekea:building/beams/black_terracotta,-141,56,172,Colored Building,Colored Building (96),3,,,,
minekea:building/beams/brown_terracotta,-141,56,171,Colored Building,Colored Building (96),4,,,,
minekea:building/beams/red_terracotta,-141,56,170,Colored Building,Colored Building (96),5,,,,
minekea:building/beams/orange_terracotta,-141,56,169,Colored Building,Colored Building (96),6,,,,
minekea:building/beams/yellow_terracotta,-141,56,168,Colored Building,Colored Building (96),7,,,,
minekea:building/beams/lime_terracotta,-141,56,167,Colored Building,Colored Building (96),8,,,,
minekea:building/beams/green_terracotta,-141,56,166,Colored Building,Colored Building (96),9,,,,
minekea:building/beams/cyan_terracotta,-141,56,165,Colored Building,Colored Building (96),10,,,,
minekea:building/beams/light_blue_terracotta,-141,56,164,Colored Building,Colored Building (96),11,,,,
minekea:building/beams/blue_terracotta,-141,56,163,Colored Building,Colored Building (96),12,,,,
minekea:building/beams/purple_terracotta,-141,56,162,Colored Building,Colored Building (96),13,,,,
minekea:building/beams/magenta_terracotta,-141,56,161,Colored Building,Colored Building (96),14,,,,
minekea:building/beams/pink_terracotta,-141,56,160,Colored Building,Colored Building (96),15,,,,
minekea:building/covers/white_terracotta,-139,56,175,Colored Building,Colored Building (96),0,facing=south,,,
minekea:building/covers/light_gray_terracotta,-139,56,174,Colored Building,Colored Building (96),1,facing=south,,,
minekea:building/covers/gray_terracotta,-139,56,173,Colored Building,Colored Building (96),2,facing=south,,,
minekea:building/covers/black_terracotta,-139,56,172,Colored Building,Colored Building (96),3,facing=south,,,
minekea:building/covers/brown_terracotta,-139,56,171,Colored Building,Colored Building (96),4,facing=south,,,
minekea:building/covers/red_terracotta,-139,56,170,Colored Building,Colored Building (96),5,facing=south,,,
minekea:building/covers/orange_terracotta,-139,56,169,Colored Building,Colored Building (96),6,facing=south,,,
minekea:building/covers/yellow_terracotta,-139,56,168,Colored Building,Colored Building (96),7,facing=south,,,
minekea:building/covers/lime_terracotta,-139,56,167,Colored Building,Colored Building (96),8,facing=south,,,
minekea:building/covers/green_terracotta,-139,56,166,Colored Building,Colored Building (96),9,facing=south,,,
minekea:building/covers/cyan_terracotta,-139,56,165,Colored Building,Colored Building (96),10,facing=south,,,
minekea:building/covers/light_blue_terracotta,-139,56,164,Colored Building,Colored Building (96),11,facing=south,,,
minekea:building/covers/blue_terracotta,-139,56,163,Colored Building,Colored Building (96),12,facing=south,,,
minekea:building/covers/purple_terracotta,-139,56,162,Colored Building,Colored Building (96),13,facing=south,,,
minekea:building/covers/magenta_terracotta,-139,56,161,Colored Building,Colored Building (96),14,facing=south,,,
minekea:building/covers/pink_terracotta,-139,56,160,Colored Building,Colored Building (96),15,facing=south,,,
minekea:building/beams/white_glazed_terracotta,-137,56,175,Colored Building,Colored Building (96),0,,,,
minekea:building/beams/light_gray_glazed_terracotta,-137,56,174,Colored Building,Colored Building (96),1,,,,
minekea:building/beams/gray_glazed_terracotta,-137,56,173,Colored Building,Colored Building (96),2,,,,
minekea:building/beams/black_glazed_terracotta,-137,56,172,Colored Building,Colored Building (96),3,,,,
minekea:building/beams/brown_glazed_terracotta,-137,56,171,Colored Building,Colored Building (96),4,,,,
minekea:building/beams/red_glazed_terracotta,-137,56,170,Colored Building,Colored Building (96),5,,,,
minekea:building/beams/orange_glazed_terracotta,-137,56,169,Colored Building,Colored Building (96),6,,,,
minekea:building/beams/yellow_glazed_terracotta,-137,56,168,Colored Building,Colored Building (96),7,,,,
minekea:building/beams/lime_glazed_terracotta,-137,56,167,Colored Building,Colored Building (96),8,,,,
minekea:building/beams/green_glazed_terracotta,-137,56,166,Colored Building,Colored Building (96),9,,,,
minekea:building/beams/cyan_glazed_terracotta,-137,56,165,Colored Building,Colored Building (96),10,,,,
minekea:building/beams/light_blue_glazed_terracotta,-137,56,164,Colored Building,Colored Building (96),11,,,,
minekea:building/beams/blue_glazed_terracotta,-137,56,163,Colored Building,Colored Building (96),12,,,,
minekea:building/beams/purple_glazed_terracotta,-137,56,162,Colored Building,Colored Building (96),13,,,,
minekea:building/beams/magenta_glazed_terracotta,-137,56,161,Colored Building,Colored Building (96),14,,,,
minekea:building/beams/pink_glazed_terracotta,-137,56,160,Colored Building,Colored Building (96),15,,,,
minekea:building/covers/white_glazed_terracotta,-135,56,175,Colored Building,Colored Building (96),0,facing=south,,,
minekea:building/covers/light_gray_glazed_terracotta,-135,56,174,Colored Building,Colored Building (96),1,facing=south,,,
minekea:building/covers/gray_glazed_terracotta,-135,56,173,Colored Building,Colored Building (96),2,facing=south,,,
minekea:building/covers/black_glazed_terracotta,-135,56,172,Colored Building,Colored Building (96),3,facing=south,,,
minekea:building/covers/brown_glazed_terracotta,-135,56,171,Colored Building,Colored Building (96),4,facing=south,,,
minekea:building/covers/red_glazed_terracotta,-135,56,170,Colored Building,Colored Building (96),5,facing=south,,,
minekea:building/covers/orange_glazed_terracotta,-135,56,169,Colored Building,Colored Building (96),6,facing=south,,,
minekea:building/covers/yellow_glazed_terracotta,-135,56,168,Colored Building,Colored Building (96),7,facing=south,,,
minekea:building/covers/lime_glazed_terracotta,-135,56,167,Colored Building,Colored Building (96),8,facing=south,,,
minekea:building/covers/green_glazed_terracotta,-135,56,166,Colored Building,Colored Building (96),9,facing=south,,,
minekea:building/covers/cyan_glazed_terracotta,-135,56,165,Colored Building,Colored Building (96),10,facing=south,,,
minekea:building/covers/light_blue_glazed_terracotta,-135,56,164,Colored Building,Colored Building (96),11,facing=south,,,
minekea:building/covers/blue_glazed_terracotta,-135,56,163,Colored Building,Colored Building (96),12,facing=south,,,
minekea:building/covers/purple_glazed_terracotta,-135,56,162,Colored Building,Colored Building (96),13,facing=south,,,
minekea:building/covers/magenta_glazed_terracotta,-135,56,161,Colored Building,Colored Building (96),14,facing=south,,,
minekea:building/covers/pink_glazed_terracotta,-135,56,160,Colored Building,Colored Building (96),15,facing=south,,,
minekea:furniture/pillows/white,-132,56,174,Colour Accents,Colour Accents (66),1,,,,
minekea:furniture/pillows/light_gray,-132,56,173,Colour Accents,Colour Accents (66),2,,,,
minekea:furniture/pillows/gray,-132,56,172,Colour Accents,Colour Accents (66),3,,,,
minekea:furniture/pillows/black,-132,56,171,Colour Accents,Colour Accents (66),4,,,,
minekea:furniture/pillows/brown,-132,56,170,Colour Accents,Colour Accents (66),5,,,,
minekea:furniture/pillows/red,-132,56,169,Colour Accents,Colour Accents (66),6,,,,
minekea:furniture/pillows/orange,-132,56,168,Colour Accents,Colour Accents (66),7,,,,
minekea:furniture/pillows/yellow,-132,56,167,Colour Accents,Colour Accents (66),8,,,,
minekea:furniture/pillows/lime,-132,56,166,Colour Accents,Colour Accents (66),9,,,,
minekea:furniture/pillows/green,-132,56,165,Colour Accents,Colour Accents (66),10,,,,
minekea:furniture/pillows/cyan,-132,56,164,Colour Accents,Colour Accents (66),11,,,,
minekea:furniture/pillows/light_blue,-132,56,163,Colour Accents,Colour Accents (66),12,,,,
minekea:furniture/pillows/blue,-132,56,162,Colour Accents,Colour Accents (66),13,,,,
minekea:furniture/pillows/purple,-132,56,161,Colour Accents,Colour Accents (66),14,,,,
minekea:furniture/pillows/magenta,-132,56,160,Colour Accents,Colour Accents (66),15,,,,
minekea:furniture/pillows/pink,-132,56,159,Colour Accents,Colour Accents (66),16,,,,
minekea:storage/dyes/white,-130,56,174,Colour Accents,Colour Accents (66),1,,,,
minekea:storage/dyes/light_gray,-130,56,173,Colour Accents,Colour Accents (66),2,,,,
minekea:storage/dyes/gray,-130,56,172,Colour Accents,Colour Accents (66),3,,,,
minekea:storage/dyes/black,-130,56,171,Colour Accents,Colour Accents (66),4,,,,
minekea:storage/dyes/brown,-130,56,170,Colour Accents,Colour Accents (66),5,,,,
minekea:storage/dyes/red,-130,56,169,Colour Accents,Colour Accents (66),6,,,,
minekea:storage/dyes/orange,-130,56,168,Colour Accents,Colour Accents (66),7,,,,
minekea:storage/dyes/yellow,-130,56,167,Colour Accents,Colour Accents (66),8,,,,
minekea:storage/dyes/lime,-130,56,166,Colour Accents,Colour Accents (66),9,,,,
minekea:storage/dyes/green,-130,56,165,Colour Accents,Colour Accents (66),10,,,,
minekea:storage/dyes/cyan,-130,56,164,Colour Accents,Colour Accents (66),11,,,,
minekea:storage/dyes/light_blue,-130,56,163,Colour Accents,Colour Accents (66),12,,,,
minekea:storage/dyes/blue,-130,56,162,Colour Accents,Colour Accents (66),13,,,,
minekea:storage/dyes/purple,-130,56,161,Colour Accents,Colour Accents (66),14,,,,
minekea:storage/dyes/magenta,-130,56,160,Colour Accents,Colour Accents (66),15,,,,
minekea:storage/dyes/pink,-130,56,159,Colour Accents,Colour Accents (66),16,,,,
minekea:decorations/candles/plain_votive_candle,-128,56,175,Colour Accents,Colour Accents (66),0,"candles=4,lit=false",,,
minekea:decorations/candles/white_votive_candle,-128,56,174,Colour Accents,Colour Accents (66),1,"candles=4,lit=false",,,
minekea:decorations/candles/light_gray_votive_candle,-128,56,173,Colour Accents,Colour Accents (66),2,"candles=4,lit=false",,,
minekea:decorations/candles/gray_votive_candle,-128,56,172,Colour Accents,Colour Accents (66),3,"candles=4,lit=false",,,
minekea:decorations/candles/black_votive_candle,-128,56,171,Colour Accents,Colour Accents (66),4,"candles=4,lit=false",,,
minekea:decorations/candles/brown_votive_candle,-128,56,170,Colour Accents,Colour Accents (66),5,"candles=4,lit=false",,,
minekea:decorations/candles/red_votive_candle,-128,56,169,Colour Accents,Colour Accents (66),6,"candles=4,lit=false",,,
minekea:decorations/candles/orange_votive_candle,-128,56,168,Colour Accents,Colour Accents (66),7,"candles=4,lit=false",,,
minekea:decorations/candles/yellow_votive_candle,-128,56,167,Colour Accents,Colour Accents (66),8,"candles=4,lit=false",,,
minekea:decorations/candles/lime_votive_candle,-128,56,166,Colour Accents,Colour Accents (66),9,"candles=4,lit=false",,,
minekea:decorations/candles/green_votive_candle,-128,56,165,Colour Accents,Colour Accents (66),10,"candles=4,lit=false",,,
minekea:decorations/candles/cyan_votive_candle,-128,56,164,Colour Accents,Colour Accents (66),11,"candles=4,lit=false",,,
minekea:decorations/candles/light_blue_votive_candle,-128,56,163,Colour Accents,Colour Accents (66),12,"candles=4,lit=false",,,
minekea:decorations/candles/blue_votive_candle,-128,56,162,Colour Accents,Colour Accents (66),13,"candles=4,lit=false",,,
minekea:decorations/candles/purple_votive_candle,-128,56,161,Colour Accents,Colour Accents (66),14,"candles=4,lit=false",,,
minekea:decorations/candles/magenta_votive_candle,-128,56,160,Colour Accents,Colour Accents (66),15,"candles=4,lit=false",,,
minekea:decorations/candles/pink_votive_candle,-128,56,159,Colour Accents,Colour Accents (66),16,"candles=4,lit=false",,,
minekea:building/general/wax/plain,-126,56,175,Colour Accents,Colour Accents (66),0,,,,
minekea:building/general/wax/white,-126,56,174,Colour Accents,Colour Accents (66),1,,,,
minekea:building/general/wax/light_gray,-126,56,173,Colour Accents,Colour Accents (66),2,,,,
minekea:building/general/wax/gray,-126,56,172,Colour Accents,Colour Accents (66),3,,,,
minekea:building/general/wax/black,-126,56,171,Colour Accents,Colour Accents (66),4,,,,
minekea:building/general/wax/brown,-126,56,170,Colour Accents,Colour Accents (66),5,,,,
minekea:building/general/wax/red,-126,56,169,Colour Accents,Colour Accents (66),6,,,,
minekea:building/general/wax/orange,-126,56,168,Colour Accents,Colour Accents (66),7,,,,
minekea:building/general/wax/yellow,-126,56,167,Colour Accents,Colour Accents (66),8,,,,
minekea:building/general/wax/lime,-126,56,166,Colour Accents,Colour Accents (66),9,,,,
minekea:building/general/wax/green,-126,56,165,Colour Accents,Colour Accents (66),10,,,,
minekea:building/general/wax/cyan,-126,56,164,Colour Accents,Colour Accents (66),11,,,,
minekea:building/general/wax/light_blue,-126,56,163,Colour Accents,Colour Accents (66),12,,,,
minekea:building/general/wax/blue,-126,56,162,Colour Accents,Colour Accents (66),13,,,,
minekea:building/general/wax/purple,-126,56,161,Colour Accents,Colour Accents (66),14,,,,
minekea:building/general/wax/magenta,-126,56,160,Colour Accents,Colour Accents (66),15,,,,
minekea:building/general/wax/pink,-126,56,159,Colour Accents,Colour Accents (66),16,,,,
minekea:building/compressed/white_concrete/1x,-123,56,175,Compressed Concrete,Compressed Concrete (144),0,,,,
minekea:building/compressed/light_gray_concrete/1x,-123,56,174,Compressed Concrete,Compressed Concrete (144),1,,,,
minekea:building/compressed/gray_concrete/1x,-123,56,173,Compressed Concrete,Compressed Concrete (144),2,,,,
minekea:building/compressed/black_concrete/1x,-123,56,172,Compressed Concrete,Compressed Concrete (144),3,,,,
minekea:building/compressed/brown_concrete/1x,-123,56,171,Compressed Concrete,Compressed Concrete (144),4,,,,
minekea:building/compressed/red_concrete/1x,-123,56,170,Compressed Concrete,Compressed Concrete (144),5,,,,
minekea:building/compressed/orange_concrete/1x,-123,56,169,Compressed Concrete,Compressed Concrete (144),6,,,,
minekea:building/compressed/yellow_concrete/1x,-123,56,168,Compressed Concrete,Compressed Concrete (144),7,,,,
minekea:building/compressed/lime_concrete/1x,-123,56,167,Compressed Concrete,Compressed Concrete (144),8,,,,
minekea:building/compressed/green_concrete/1x,-123,56,166,Compressed Concrete,Compressed Concrete (144),9,,,,
minekea:building/compressed/cyan_concrete/1x,-123,56,165,Compressed Concrete,Compressed Concrete (144),10,,,,
minekea:building/compressed/light_blue_concrete/1x,-123,56,164,Compressed Concrete,Compressed Concrete (144),11,,,,
minekea:building/compressed/blue_concrete/1x,-123,56,163,Compressed Concrete,Compressed Concrete (144),12,,,,
minekea:building/compressed/purple_concrete/1x,-123,56,162,Compressed Concrete,Compressed Concrete (144),13,,,,
minekea:building/compressed/magenta_concrete/1x,-123,56,161,Compressed Concrete,Compressed Concrete (144),14,,,,
minekea:building/compressed/pink_concrete/1x,-123,56,160,Compressed Concrete,Compressed Concrete (144),15,,,,
minekea:building/compressed/white_concrete/2x,-121,56,175,Compressed Concrete,Compressed Concrete (144),0,,,,
minekea:building/compressed/light_gray_concrete/2x,-121,56,174,Compressed Concrete,Compressed Concrete (144),1,,,,
minekea:building/compressed/gray_concrete/2x,-121,56,173,Compressed Concrete,Compressed Concrete (144),2,,,,
minekea:building/compressed/black_concrete/2x,-121,56,172,Compressed Concrete,Compressed Concrete (144),3,,,,
minekea:building/compressed/brown_concrete/2x,-121,56,171,Compressed Concrete,Compressed Concrete (144),4,,,,
minekea:building/compressed/red_concrete/2x,-121,56,170,Compressed Concrete,Compressed Concrete (144),5,,,,
minekea:building/compressed/orange_concrete/2x,-121,56,169,Compressed Concrete,Compressed Concrete (144),6,,,,
minekea:building/compressed/yellow_concrete/2x,-121,56,168,Compressed Concrete,Compressed Concrete (144),7,,,,
minekea:building/compressed/lime_concrete/2x,-121,56,167,Compressed Concrete,Compressed Concrete (144),8,,,,
minekea:building/compressed/green_concrete/2x,-121,56,166,Compressed Concrete,Compressed Concrete (144),9,,,,
minekea:building/compressed/cyan_concrete/2x,-121,56,165,Compressed Concrete,Compressed Concrete (144),10,,,,
minekea:building/compressed/light_blue_concrete/2x,-121,56,164,Compressed Concrete,Compressed Concrete (144),11,,,,
minekea:building/compressed/blue_concrete/2x,-121,56,163,Compressed Concrete,Compressed Concrete (144),12,,,,
minekea:building/compressed/purple_concrete/2x,-121,56,162,Compressed Concrete,Compressed Concrete (144),13,,,,
minekea:building/compressed/magenta_concrete/2x,-121,56,161,Compressed Concrete,Compressed Concrete (144),14,,,,
minekea:building/compressed/pink_concrete/2x,-121,56,160,Compressed Concrete,Compressed Concrete (144),15,,,,
minekea:building/compressed/white_concrete/3x,-119,56,175,Compressed Concrete,Compressed Concrete (144),0,,,,
minekea:building/compressed/light_gray_concrete/3x,-119,56,174,Compressed Concrete,Compressed Concrete (144),1,,,,
minekea:building/compressed/gray_concrete/3x,-119,56,173,Compressed Concrete,Compressed Concrete (144),2,,,,
minekea:building/compressed/black_concrete/3x,-119,56,172,Compressed Concrete,Compressed Concrete (144),3,,,,
minekea:building/compressed/brown_concrete/3x,-119,56,171,Compressed Concrete,Compressed Concrete (144),4,,,,
minekea:building/compressed/red_concrete/3x,-119,56,170,Compressed Concrete,Compressed Concrete (144),5,,,,
minekea:building/compressed/orange_concrete/3x,-119,56,169,Compressed Concrete,Compressed Concrete (144),6,,,,
minekea:building/compressed/yellow_concrete/3x,-119,56,168,Compressed Concrete,Compressed Concrete (144),7,,,,
minekea:building/compressed/lime_concrete/3x,-119,56,167,Compressed Concrete,Compressed Concrete (144),8,,,,
minekea:building/compressed/green_concrete/3x,-119,56,166,Compressed Concrete,Compressed Concrete (144),9,,,,
minekea:building/compressed/cyan_concrete/3x,-119,56,165,Compressed Concrete,Compressed Concrete (144),10,,,,
minekea:building/compressed/light_blue_concrete/3x,-119,56,164,Compressed Concrete,Compressed Concrete (144),11,,,,
minekea:building/compressed/blue_concrete/3x,-119,56,163,Compressed Concrete,Compressed Concrete (144),12,,,,
minekea:building/compressed/purple_concrete/3x,-119,56,162,Compressed Concrete,Compressed Concrete (144),13,,,,
minekea:building/compressed/magenta_concrete/3x,-119,56,161,Compressed Concrete,Compressed Concrete (144),14,,,,
minekea:building/compressed/pink_concrete/3x,-119,56,160,Compressed Concrete,Compressed Concrete (144),15,,,,
minekea:building/compressed/white_concrete/4x,-117,56,175,Compressed Concrete,Compressed Concrete (144),0,,,,
minekea:building/compressed/light_gray_concrete/4x,-117,56,174,Compressed Concrete,Compressed Concrete (144),1,,,,
minekea:building/compressed/gray_concrete/4x,-117,56,173,Compressed Concrete,Compressed Concrete (144),2,,,,
minekea:building/compressed/black_concrete/4x,-117,56,172,Compressed Concrete,Compressed Concrete (144),3,,,,
minekea:building/compressed/brown_concrete/4x,-117,56,171,Compressed Concrete,Compressed Concrete (144),4,,,,
minekea:building/compressed/red_concrete/4x,-117,56,170,Compressed Concrete,Compressed Concrete (144),5,,,,
minekea:building/compressed/orange_concrete/4x,-117,56,169,Compressed Concrete,Compressed Concrete (144),6,,,,
minekea:building/compressed/yellow_concrete/4x,-117,56,168,Compressed Concrete,Compressed Concrete (144),7,,,,
minekea:building/compressed/lime_concrete/4x,-117,56,167,Compressed Concrete,Compressed Concrete (144),8,,,,
minekea:building/compressed/green_concrete/4x,-117,56,166,Compressed Concrete,Compressed Concrete (144),9,,,,
minekea:building/compressed/cyan_concrete/4x,-117,56,165,Compressed Concrete,Compressed Concrete (144),10,,,,
minekea:building/compressed/light_blue_concrete/4x,-117,56,164,Compressed Concrete,Compressed Concrete (144),11,,,,
minekea:building/compressed/blue_concrete/4x,-117,56,163,Compressed Concrete,Compressed Concrete (144),12,,,,
minekea:building/compressed/purple_concrete/4x,-117,56,162,Compressed Concrete,Compressed Concrete (144),13,,,,
minekea:building/compressed/magenta_concrete/4x,-117,56,161,Compressed Concrete,Compressed Concrete (144),14,,,,
minekea:building/compressed/pink_concrete/4x,-117,56,160,Compressed Concrete,Compressed Concrete (144),15,,,,
minekea:building/compressed/white_concrete/5x,-115,56,175,Compressed Concrete,Compressed Concrete (144),0,,,,
minekea:building/compressed/light_gray_concrete/5x,-115,56,174,Compressed Concrete,Compressed Concrete (144),1,,,,
minekea:building/compressed/gray_concrete/5x,-115,56,173,Compressed Concrete,Compressed Concrete (144),2,,,,
minekea:building/compressed/black_concrete/5x,-115,56,172,Compressed Concrete,Compressed Concrete (144),3,,,,
minekea:building/compressed/brown_concrete/5x,-115,56,171,Compressed Concrete,Compressed Concrete (144),4,,,,
minekea:building/compressed/red_concrete/5x,-115,56,170,Compressed Concrete,Compressed Concrete (144),5,,,,
minekea:building/compressed/orange_concrete/5x,-115,56,169,Compressed Concrete,Compressed Concrete (144),6,,,,
minekea:building/compressed/yellow_concrete/5x,-115,56,168,Compressed Concrete,Compressed Concrete (144),7,,,,
minekea:building/compressed/lime_concrete/5x,-115,56,167,Compressed Concrete,Compressed Concrete (144),8,,,,
minekea:building/compressed/green_concrete/5x,-115,56,166,Compressed Concrete,Compressed Concrete (144),9,,,,
minekea:building/compressed/cyan_concrete/5x,-115,56,165,Compressed Concrete,Compressed Concrete (144),10,,,,
minekea:building/compressed/light_blue_concrete/5x,-115,56,164,Compressed Concrete,Compressed Concrete (144),11,,,,
minekea:building/compressed/blue_concrete/5x,-115,56,163,Compressed Concrete,Compressed Concrete (144),12,,,,
minekea:building/compressed/purple_concrete/5x,-115,56,162,Compressed Concrete,Compressed Concrete (144),13,,,,
minekea:building/compressed/magenta_concrete/5x,-115,56,161,Compressed Concrete,Compressed Concrete (144),14,,,,
minekea:building/compressed/pink_concrete/5x,-115,56,160,Compressed Concrete,Compressed Concrete (144),15,,,,
minekea:building/compressed/white_concrete/6x,-113,56,175,Compressed Concrete,Compressed Concrete (144),0,,,,
minekea:building/compressed/light_gray_concrete/6x,-113,56,174,Compressed Concrete,Compressed Concrete (144),1,,,,
minekea:building/compressed/gray_concrete/6x,-113,56,173,Compressed Concrete,Compressed Concrete (144),2,,,,
minekea:building/compressed/black_concrete/6x,-113,56,172,Compressed Concrete,Compressed Concrete (144),3,,,,
minekea:building/compressed/brown_concrete/6x,-113,56,171,Compressed Concrete,Compressed Concrete (144),4,,,,
minekea:building/compressed/red_concrete/6x,-113,56,170,Compressed Concrete,Compressed Concrete (144),5,,,,
minekea:building/compressed/orange_concrete/6x,-113,56,169,Compressed Concrete,Compressed Concrete (144),6,,,,
minekea:building/compressed/yellow_concrete/6x,-113,56,168,Compressed Concrete,Compressed Concrete (144),7,,,,
minekea:building/compressed/lime_concrete/6x,-113,56,167,Compressed Concrete,Compressed Concrete (144),8,,,,
minekea:building/compressed/green_concrete/6x,-113,56,166,Compressed Concrete,Compressed Concrete (144),9,,,,
minekea:building/compressed/cyan_concrete/6x,-113,56,165,Compressed Concrete,Compressed Concrete (144),10,,,,
minekea:building/compressed/light_blue_concrete/6x,-113,56,164,Compressed Concrete,Compressed Concrete (144),11,,,,
minekea:building/compressed/blue_concrete/6x,-113,56,163,Compressed Concrete,Compressed Concrete (144),12,,,,
minekea:building/compressed/purple_concrete/6x,-113,56,162,Compressed Concrete,Compressed Concrete (144),13,,,,
minekea:building/compressed/magenta_concrete/6x,-113,56,161,Compressed Concrete,Compressed Concrete (144),14,,,,
minekea:building/compressed/pink_concrete/6x,-113,56,160,Compressed Concrete,Compressed Concrete (144),15,,,,
minekea:building/compressed/white_concrete/7x,-111,56,175,Compressed Concrete,Compressed Concrete (144),0,,,,
minekea:building/compressed/light_gray_concrete/7x,-111,56,174,Compressed Concrete,Compressed Concrete (144),1,,,,
minekea:building/compressed/gray_concrete/7x,-111,56,173,Compressed Concrete,Compressed Concrete (144),2,,,,
minekea:building/compressed/black_concrete/7x,-111,56,172,Compressed Concrete,Compressed Concrete (144),3,,,,
minekea:building/compressed/brown_concrete/7x,-111,56,171,Compressed Concrete,Compressed Concrete (144),4,,,,
minekea:building/compressed/red_concrete/7x,-111,56,170,Compressed Concrete,Compressed Concrete (144),5,,,,
minekea:building/compressed/orange_concrete/7x,-111,56,169,Compressed Concrete,Compressed Concrete (144),6,,,,
minekea:building/compressed/yellow_concrete/7x,-111,56,168,Compressed Concrete,Compressed Concrete (144),7,,,,
minekea:building/compressed/lime_concrete/7x,-111,56,167,Compressed Concrete,Compressed Concrete (144),8,,,,
minekea:building/compressed/green_concrete/7x,-111,56,166,Compressed Concrete,Compressed Concrete (144),9,,,,
minekea:building/compressed/cyan_concrete/7x,-111,56,165,Compressed Concrete,Compressed Concrete (144),10,,,,
minekea:building/compressed/light_blue_concrete/7x,-111,56,164,Compressed Concrete,Compressed Concrete (144),11,,,,
minekea:building/compressed/blue_concrete/7x,-111,56,163,Compressed Concrete,Compressed Concrete (144),12,,,,
minekea:building/compressed/purple_concrete/7x,-111,56,162,Compressed Concrete,Compressed Concrete (144),13,,,,
minekea:building/compressed/magenta_concrete/7x,-111,56,161,Compressed Concrete,Compressed Concrete (144),14,,,,
minekea:building/compressed/pink_concrete/7x,-111,56,160,Compressed Concrete,Compressed Concrete (144),15,,,,
minekea:building/compressed/white_concrete/8x,-109,56,175,Compressed Concrete,Compressed Concrete (144),0,,,,
minekea:building/compressed/light_gray_concrete/8x,-109,56,174,Compressed Concrete,Compressed Concrete (144),1,,,,
minekea:building/compressed/gray_concrete/8x,-109,56,173,Compressed Concrete,Compressed Concrete (144),2,,,,
minekea:building/compressed/black_concrete/8x,-109,56,172,Compressed Concrete,Compressed Concrete (144),3,,,,
minekea:building/compressed/brown_concrete/8x,-109,56,171,Compressed Concrete,Compressed Concrete (144),4,,,,
minekea:building/compressed/red_concrete/8x,-109,56,170,Compressed Concrete,Compressed Concrete (144),5,,,,
minekea:building/compressed/orange_concrete/8x,-109,56,169,Compressed Concrete,Compressed Concrete (144),6,,,,
minekea:building/compressed/yellow_concrete/8x,-109,56,168,Compressed Concrete,Compressed Concrete (144),7,,,,
minekea:building/compressed/lime_concrete/8x,-109,56,167,Compressed Concrete,Compressed Concrete (144),8,,,,
minekea:building/compressed/green_concrete/8x,-109,56,166,Compressed Concrete,Compressed Concrete (144),9,,,,
minekea:building/compressed/cyan_concrete/8x,-109,56,165,Compressed Concrete,Compressed Concrete (144),10,,,,
minekea:building/compressed/light_blue_concrete/8x,-109,56,164,Compressed Concrete,Compressed Concrete (144),11,,,,
minekea:building/compressed/blue_concrete/8x,-109,56,163,Compressed Concrete,Compressed Concrete (144),12,,,,
minekea:building/compressed/purple_concrete/8x,-109,56,162,Compressed Concrete,Compressed Concrete (144),13,,,,
minekea:building/compressed/magenta_concrete/8x,-109,56,161,Compressed Concrete,Compressed Concrete (144),14,,,,
minekea:building/compressed/pink_concrete/8x,-109,56,160,Compressed Concrete,Compressed Concrete (144),15,,,,
minekea:building/compressed/white_concrete/9x,-107,56,175,Compressed Concrete,Compressed Concrete (144),0,,,,
minekea:building/compressed/light_gray_concrete/9x,-107,56,174,Compressed Concrete,Compressed Concrete (144),1,,,,
minekea:building/compressed/gray_concrete/9x,-107,56,173,Compressed Concrete,Compressed Concrete (144),2,,,,
minekea:building/compressed/black_concrete/9x,-107,56,172,Compressed Concrete,Compressed Concrete (144),3,,,,
minekea:building/compressed/brown_concrete/9x,-107,56,171,Compressed Concrete,Compressed Concrete (144),4,,,,
minekea:building/compressed/red_concrete/9x,-107,56,170,Compressed Concrete,Compressed Concrete (144),5,,,,
minekea:building/compressed/orange_concrete/9x,-107,56,169,Compressed Concrete,Compressed Concrete (144),6,,,,
minekea:building/compressed/yellow_concrete/9x,-107,56,168,Compressed Concrete,Compressed Concrete (144),7,,,,
minekea:building/compressed/lime_concrete/9x,-107,56,167,Compressed Concrete,Compressed Concrete (144),8,,,,
minekea:building/compressed/green_concrete/9x,-107,56,166,Compressed Concrete,Compressed Concrete (144),9,,,,
minekea:building/compressed/cyan_concrete/9x,-107,56,165,Compressed Concrete,Compressed Concrete (144),10,,,,
minekea:building/compressed/light_blue_concrete/9x,-107,56,164,Compressed Concrete,Compressed Concrete (144),11,,,,
minekea:building/compressed/blue_concrete/9x,-107,56,163,Compressed Concrete,Compressed Concrete (144),12,,,,
minekea:building/compressed/purple_concrete/9x,-107,56,162,Compressed Concrete,Compressed Concrete (144),13,,,,
minekea:building/compressed/magenta_concrete/9x,-107,56,161,Compressed Concrete,Compressed Concrete (144),14,,,,
minekea:building/compressed/pink_concrete/9x,-107,56,160,Compressed Concrete,Compressed Concrete (144),15,,,,
minekea:building/compressed/white_terracotta/1x,-104,56,175,Compressed Terracotta,Compressed Terracotta (144),0,,,,
minekea:building/compressed/light_gray_terracotta/1x,-104,56,174,Compressed Terracotta,Compressed Terracotta (144),1,,,,
minekea:building/compressed/gray_terracotta/1x,-104,56,173,Compressed Terracotta,Compressed Terracotta (144),2,,,,
minekea:building/compressed/black_terracotta/1x,-104,56,172,Compressed Terracotta,Compressed Terracotta (144),3,,,,
minekea:building/compressed/brown_terracotta/1x,-104,56,171,Compressed Terracotta,Compressed Terracotta (144),4,,,,
minekea:building/compressed/red_terracotta/1x,-104,56,170,Compressed Terracotta,Compressed Terracotta (144),5,,,,
minekea:building/compressed/orange_terracotta/1x,-104,56,169,Compressed Terracotta,Compressed Terracotta (144),6,,,,
minekea:building/compressed/yellow_terracotta/1x,-104,56,168,Compressed Terracotta,Compressed Terracotta (144),7,,,,
minekea:building/compressed/lime_terracotta/1x,-104,56,167,Compressed Terracotta,Compressed Terracotta (144),8,,,,
minekea:building/compressed/green_terracotta/1x,-104,56,166,Compressed Terracotta,Compressed Terracotta (144),9,,,,
minekea:building/compressed/cyan_terracotta/1x,-104,56,165,Compressed Terracotta,Compressed Terracotta (144),10,,,,
minekea:building/compressed/light_blue_terracotta/1x,-104,56,164,Compressed Terracotta,Compressed Terracotta (144),11,,,,
minekea:building/compressed/blue_terracotta/1x,-104,56,163,Compressed Terracotta,Compressed Terracotta (144),12,,,,
minekea:building/compressed/purple_terracotta/1x,-104,56,162,Compressed Terracotta,Compressed Terracotta (144),13,,,,
minekea:building/compressed/magenta_terracotta/1x,-104,56,161,Compressed Terracotta,Compressed Terracotta (144),14,,,,
minekea:building/compressed/pink_terracotta/1x,-104,56,160,Compressed Terracotta,Compressed Terracotta (144),15,,,,
minekea:building/compressed/white_terracotta/2x,-102,56,175,Compressed Terracotta,Compressed Terracotta (144),0,,,,
minekea:building/compressed/light_gray_terracotta/2x,-102,56,174,Compressed Terracotta,Compressed Terracotta (144),1,,,,
minekea:building/compressed/gray_terracotta/2x,-102,56,173,Compressed Terracotta,Compressed Terracotta (144),2,,,,
minekea:building/compressed/black_terracotta/2x,-102,56,172,Compressed Terracotta,Compressed Terracotta (144),3,,,,
minekea:building/compressed/brown_terracotta/2x,-102,56,171,Compressed Terracotta,Compressed Terracotta (144),4,,,,
minekea:building/compressed/red_terracotta/2x,-102,56,170,Compressed Terracotta,Compressed Terracotta (144),5,,,,
minekea:building/compressed/orange_terracotta/2x,-102,56,169,Compressed Terracotta,Compressed Terracotta (144),6,,,,
minekea:building/compressed/yellow_terracotta/2x,-102,56,168,Compressed Terracotta,Compressed Terracotta (144),7,,,,
minekea:building/compressed/lime_terracotta/2x,-102,56,167,Compressed Terracotta,Compressed Terracotta (144),8,,,,
minekea:building/compressed/green_terracotta/2x,-102,56,166,Compressed Terracotta,Compressed Terracotta (144),9,,,,
minekea:building/compressed/cyan_terracotta/2x,-102,56,165,Compressed Terracotta,Compressed Terracotta (144),10,,,,
minekea:building/compressed/light_blue_terracotta/2x,-102,56,164,Compressed Terracotta,Compressed Terracotta (144),11,,,,
minekea:building/compressed/blue_terracotta/2x,-102,56,163,Compressed Terracotta,Compressed Terracotta (144),12,,,,
minekea:building/compressed/purple_terracotta/2x,-102,56,162,Compressed Terracotta,Compressed Terracotta (144),13,,,,
minekea:building/compressed/magenta_terracotta/2x,-102,56,161,Compressed Terracotta,Compressed Terracotta (144),14,,,,
minekea:building/compressed/pink_terracotta/2x,-102,56,160,Compressed Terracotta,Compressed Terracotta (144),15,,,,
minekea:building/compressed/white_terracotta/3x,-100,56,175,Compressed Terracotta,Compressed Terracotta (144),0,,,,
minekea:building/compressed/light_gray_terracotta/3x,-100,56,174,Compressed Terracotta,Compressed Terracotta (144),1,,,,
minekea:building/compressed/gray_terracotta/3x,-100,56,173,Compressed Terracotta,Compressed Terracotta (144),2,,,,
minekea:building/compressed/black_terracotta/3x,-100,56,172,Compressed Terracotta,Compressed Terracotta (144),3,,,,
minekea:building/compressed/brown_terracotta/3x,-100,56,171,Compressed Terracotta,Compressed Terracotta (144),4,,,,
minekea:building/compressed/red_terracotta/3x,-100,56,170,Compressed Terracotta,Compressed Terracotta (144),5,,,,
minekea:building/compressed/orange_terracotta/3x,-100,56,169,Compressed Terracotta,Compressed Terracotta (144),6,,,,
minekea:building/compressed/yellow_terracotta/3x,-100,56,168,Compressed Terracotta,Compressed Terracotta (144),7,,,,
minekea:building/compressed/lime_terracotta/3x,-100,56,167,Compressed Terracotta,Compressed Terracotta (144),8,,,,
minekea:building/compressed/green_terracotta/3x,-100,56,166,Compressed Terracotta,Compressed Terracotta (144),9,,,,
minekea:building/compressed/cyan_terracotta/3x,-100,56,165,Compressed Terracotta,Compressed Terracotta (144),10,,,,
minekea:building/compressed/light_blue_terracotta/3x,-100,56,164,Compressed Terracotta,Compressed Terracotta (144),11,,,,
minekea:building/compressed/blue_terracotta/3x,-100,56,163,Compressed Terracotta,Compressed Terracotta (144),12,,,,
minekea:building/compressed/purple_terracotta/3x,-100,56,162,Compressed Terracotta,Compressed Terracotta (144),13,,,,
minekea:building/compressed/magenta_terracotta/3x,-100,56,161,Compressed Terracotta,Compressed Terracotta (144),14,,,,
minekea:building/compressed/pink_terracotta/3x,-100,56,160,Compressed Terracotta,Compressed Terracotta (144),15,,,,
minekea:building/compressed/white_terracotta/4x,-98,56,175,Compressed Terracotta,Compressed Terracotta (144),0,,,,
minekea:building/compressed/light_gray_terracotta/4x,-98,56,174,Compressed Terracotta,Compressed Terracotta (144),1,,,,
minekea:building/compressed/gray_terracotta/4x,-98,56,173,Compressed Terracotta,Compressed Terracotta (144),2,,,,
minekea:building/compressed/black_terracotta/4x,-98,56,172,Compressed Terracotta,Compressed Terracotta (144),3,,,,
minekea:building/compressed/brown_terracotta/4x,-98,56,171,Compressed Terracotta,Compressed Terracotta (144),4,,,,
minekea:building/compressed/red_terracotta/4x,-98,56,170,Compressed Terracotta,Compressed Terracotta (144),5,,,,
minekea:building/compressed/orange_terracotta/4x,-98,56,169,Compressed Terracotta,Compressed Terracotta (144),6,,,,
minekea:building/compressed/yellow_terracotta/4x,-98,56,168,Compressed Terracotta,Compressed Terracotta (144),7,,,,
minekea:building/compressed/lime_terracotta/4x,-98,56,167,Compressed Terracotta,Compressed Terracotta (144),8,,,,
minekea:building/compressed/green_terracotta/4x,-98,56,166,Compressed Terracotta,Compressed Terracotta (144),9,,,,
minekea:building/compressed/cyan_terracotta/4x,-98,56,165,Compressed Terracotta,Compressed Terracotta (144),10,,,,
minekea:building/compressed/light_blue_terracotta/4x,-98,56,164,Compressed Terracotta,Compressed Terracotta (144),11,,,,
minekea:building/compressed/blue_terracotta/4x,-98,56,163,Compressed Terracotta,Compressed Terracotta (144),12,,,,
minekea:building/compressed/purple_terracotta/4x,-98,56,162,Compressed Terracotta,Compressed Terracotta (144),13,,,,
minekea:building/compressed/magenta_terracotta/4x,-98,56,161,Compressed Terracotta,Compressed Terracotta (144),14,,,,
minekea:building/compressed/pink_terracotta/4x,-98,56,160,Compressed Terracotta,Compressed Terracotta (144),15,,,,
minekea:building/compressed/white_terracotta/5x,-96,56,175,Compressed Terracotta,Compressed Terracotta (144),0,,,,
minekea:building/compressed/light_gray_terracotta/5x,-96,56,174,Compressed Terracotta,Compressed Terracotta (144),1,,,,
minekea:building/compressed/gray_terracotta/5x,-96,56,173,Compressed Terracotta,Compressed Terracotta (144),2,,,,
minekea:building/compressed/black_terracotta/5x,-96,56,172,Compressed Terracotta,Compressed Terracotta (144),3,,,,
minekea:building/compressed/brown_terracotta/5x,-96,56,171,Compressed Terracotta,Compressed Terracotta (144),4,,,,
minekea:building/compressed/red_terracotta/5x,-96,56,170,Compressed Terracotta,Compressed Terracotta (144),5,,,,
minekea:building/compressed/orange_terracotta/5x,-96,56,169,Compressed Terracotta,Compressed Terracotta (144),6,,,,
minekea:building/compressed/yellow_terracotta/5x,-96,56,168,Compressed Terracotta,Compressed Terracotta (144),7,,,,
minekea:building/compressed/lime_terracotta/5x,-96,56,167,Compressed Terracotta,Compressed Terracotta (144),8,,,,
minekea:building/compressed/green_terracotta/5x,-96,56,166,Compressed Terracotta,Compressed Terracotta (144),9,,,,
minekea:building/compressed/cyan_terracotta/5x,-96,56,165,Compressed Terracotta,Compressed Terracotta (144),10,,,,
minekea:building/compressed/light_blue_terracotta/5x,-96,56,164,Compressed Terracotta,Compressed Terracotta (144),11,,,,
minekea:building/compressed/blue_terracotta/5x,-96,56,163,Compressed Terracotta,Compressed Terracotta (144),12,,,,
minekea:building/compressed/purple_terracotta/5x,-96,56,162,Compressed Terracotta,Compressed Terracotta (144),13,,,,
minekea:building/compressed/magenta_terracotta/5x,-96,56,161,Compressed Terracotta,Compressed Terracotta (144),14,,,,
minekea:building/compressed/pink_terracotta/5x,-96,56,160,Compressed Terracotta,Compressed Terracotta (144),15,,,,
minekea:building/compressed/white_terracotta/6x,-94,56,175,Compressed Terracotta,Compressed Terracotta (144),0,,,,
minekea:building/compressed/light_gray_terracotta/6x,-94,56,174,Compressed Terracotta,Compressed Terracotta (144),1,,,,
minekea:building/compressed/gray_terracotta/6x,-94,56,173,Compressed Terracotta,Compressed Terracotta (144),2,,,,
minekea:building/compressed/black_terracotta/6x,-94,56,172,Compressed Terracotta,Compressed Terracotta (144),3,,,,
minekea:building/compressed/brown_terracotta/6x,-94,56,171,Compressed Terracotta,Compressed Terracotta (144),4,,,,
minekea:building/compressed/red_terracotta/6x,-94,56,170,Compressed Terracotta,Compressed Terracotta (144),5,,,,
minekea:building/compressed/orange_terracotta/6x,-94,56,169,Compressed Terracotta,Compressed Terracotta (144),6,,,,
minekea:building/compressed/yellow_terracotta/6x,-94,56,168,Compressed Terracotta,Compressed Terracotta (144),7,,,,
minekea:building/compressed/lime_terracotta/6x,-94,56,167,Compressed Terracotta,Compressed Terracotta (144),8,,,,
minekea:building/compressed/green_terracotta/6x,-94,56,166,Compressed Terracotta,Compressed Terracotta (144),9,,,,
minekea:building/compressed/cyan_terracotta/6x,-94,56,165,Compressed Terracotta,Compressed Terracotta (144),10,,,,
minekea:building/compressed/light_blue_terracotta/6x,-94,56,164,Compressed Terracotta,Compressed Terracotta (144),11,,,,
minekea:building/compressed/blue_terracotta/6x,-94,56,163,Compressed Terracotta,Compressed Terracotta (144),12,,,,
minekea:building/compressed/purple_terracotta/6x,-94,56,162,Compressed Terracotta,Compressed Terracotta (144),13,,,,
minekea:building/compressed/magenta_terracotta/6x,-94,56,161,Compressed Terracotta,Compressed Terracotta (144),14,,,,
minekea:building/compressed/pink_terracotta/6x,-94,56,160,Compressed Terracotta,Compressed Terracotta (144),15,,,,
minekea:building/compressed/white_terracotta/7x,-92,56,175,Compressed Terracotta,Compressed Terracotta (144),0,,,,
minekea:building/compressed/light_gray_terracotta/7x,-92,56,174,Compressed Terracotta,Compressed Terracotta (144),1,,,,
minekea:building/compressed/gray_terracotta/7x,-92,56,173,Compressed Terracotta,Compressed Terracotta (144),2,,,,
minekea:building/compressed/black_terracotta/7x,-92,56,172,Compressed Terracotta,Compressed Terracotta (144),3,,,,
minekea:building/compressed/brown_terracotta/7x,-92,56,171,Compressed Terracotta,Compressed Terracotta (144),4,,,,
minekea:building/compressed/red_terracotta/7x,-92,56,170,Compressed Terracotta,Compressed Terracotta (144),5,,,,
minekea:building/compressed/orange_terracotta/7x,-92,56,169,Compressed Terracotta,Compressed Terracotta (144),6,,,,
minekea:building/compressed/yellow_terracotta/7x,-92,56,168,Compressed Terracotta,Compressed Terracotta (144),7,,,,
minekea:building/compressed/lime_terracotta/7x,-92,56,167,Compressed Terracotta,Compressed Terracotta (144),8,,,,
minekea:building/compressed/green_terracotta/7x,-92,56,166,Compressed Terracotta,Compressed Terracotta (144),9,,,,
minekea:building/compressed/cyan_terracotta/7x,-92,56,165,Compressed Terracotta,Compressed Terracotta (144),10,,,,
minekea:building/compressed/light_blue_terracotta/7x,-92,56,164,Compressed Terracotta,Compressed Terracotta (144),11,,,,
minekea:building/compressed/blue_terracotta/7x,-92,56,163,Compressed Terracotta,Compressed Terracotta (144),12,,,,
minekea:building/compressed/purple_terracotta/7x,-92,56,162,Compressed Terracotta,Compressed Terracotta (144),13,,,,
minekea:building/compressed/magenta_terracotta/7x,-92,56,161,Compressed Terracotta,Compressed Terracotta (144),14,,,,
minekea:building/compressed/pink_terracotta/7x,-92,56,160,Compressed Terracotta,Compressed Terracotta (144),15,,,,
minekea:building/compressed/white_terracotta/8x,-90,56,175,Compressed Terracotta,Compressed Terracotta (144),0,,,,
minekea:building/compressed/light_gray_terracotta/8x,-90,56,174,Compressed Terracotta,Compressed Terracotta (144),1,,,,
minekea:building/compressed/gray_terracotta/8x,-90,56,173,Compressed Terracotta,Compressed Terracotta (144),2,,,,
minekea:building/compressed/black_terracotta/8x,-90,56,172,Compressed Terracotta,Compressed Terracotta (144),3,,,,
minekea:building/compressed/brown_terracotta/8x,-90,56,171,Compressed Terracotta,Compressed Terracotta (144),4,,,,
minekea:building/compressed/red_terracotta/8x,-90,56,170,Compressed Terracotta,Compressed Terracotta (144),5,,,,
minekea:building/compressed/orange_terracotta/8x,-90,56,169,Compressed Terracotta,Compressed Terracotta (144),6,,,,
minekea:building/compressed/yellow_terracotta/8x,-90,56,168,Compressed Terracotta,Compressed Terracotta (144),7,,,,
minekea:building/compressed/lime_terracotta/8x,-90,56,167,Compressed Terracotta,Compressed Terracotta (144),8,,,,
minekea:building/compressed/green_terracotta/8x,-90,56,166,Compressed Terracotta,Compressed Terracotta (144),9,,,,
minekea:building/compressed/cyan_terracotta/8x,-90,56,165,Compressed Terracotta,Compressed Terracotta (144),10,,,,
minekea:building/compressed/light_blue_terracotta/8x,-90,56,164,Compressed Terracotta,Compressed Terracotta (144),11,,,,
minekea:building/compressed/blue_terracotta/8x,-90,56,163,Compressed Terracotta,Compressed Terracotta (144),12,,,,
minekea:building/compressed/purple_terracotta/8x,-90,56,162,Compressed Terracotta,Compressed Terracotta (144),13,,,,
minekea:building/compressed/magenta_terracotta/8x,-90,56,161,Compressed Terracotta,Compressed Terracotta (144),14,,,,
minekea:building/compressed/pink_terracotta/8x,-90,56,160,Compressed Terracotta,Compressed Terracotta (144),15,,,,
minekea:building/compressed/white_terracotta/9x,-88,56,175,Compressed Terracotta,Compressed Terracotta (144),0,,,,
minekea:building/compressed/light_gray_terracotta/9x,-88,56,174,Compressed Terracotta,Compressed Terracotta (144),1,,,,
minekea:building/compressed/gray_terracotta/9x,-88,56,173,Compressed Terracotta,Compressed Terracotta (144),2,,,,
minekea:building/compressed/black_terracotta/9x,-88,56,172,Compressed Terracotta,Compressed Terracotta (144),3,,,,
minekea:building/compressed/brown_terracotta/9x,-88,56,171,Compressed Terracotta,Compressed Terracotta (144),4,,,,
minekea:building/compressed/red_terracotta/9x,-88,56,170,Compressed Terracotta,Compressed Terracotta (144),5,,,,
minekea:building/compressed/orange_terracotta/9x,-88,56,169,Compressed Terracotta,Compressed Terracotta (144),6,,,,
minekea:building/compressed/yellow_terracotta/9x,-88,56,168,Compressed Terracotta,Compressed Terracotta (144),7,,,,
minekea:building/compressed/lime_terracotta/9x,-88,56,167,Compressed Terracotta,Compressed Terracotta (144),8,,,,
minekea:building/compressed/green_terracotta/9x,-88,56,166,Compressed Terracotta,Compressed Terracotta (144),9,,,,
minekea:building/compressed/cyan_terracotta/9x,-88,56,165,Compressed Terracotta,Compressed Terracotta (144),10,,,,
minekea:building/compressed/light_blue_terracotta/9x,-88,56,164,Compressed Terracotta,Compressed Terracotta (144),11,,,,
minekea:building/compressed/blue_terracotta/9x,-88,56,163,Compressed Terracotta,Compressed Terracotta (144),12,,,,
minekea:building/compressed/purple_terracotta/9x,-88,56,162,Compressed Terracotta,Compressed Terracotta (144),13,,,,
minekea:building/compressed/magenta_terracotta/9x,-88,56,161,Compressed Terracotta,Compressed Terracotta (144),14,,,,
minekea:building/compressed/pink_terracotta/9x,-88,56,160,Compressed Terracotta,Compressed Terracotta (144),15,,,,
minekea:building/compressed/white_glazed_terracotta/1x,-85,56,175,Compressed Glazed Terracotta,Compressed Glazed Terracotta (144),0,,,,
minekea:building/compressed/light_gray_glazed_terracotta/1x,-85,56,174,Compressed Glazed Terracotta,Compressed Glazed Terracotta (144),1,,,,
minekea:building/compressed/gray_glazed_terracotta/1x,-85,56,173,Compressed Glazed Terracotta,Compressed Glazed Terracotta (144),2,,,,
minekea:building/compressed/black_glazed_terracotta/1x,-85,56,172,Compressed Glazed Terracotta,Compressed Glazed Terracotta (144),3,,,,
minekea:building/compressed/brown_glazed_terracotta/1x,-85,56,171,Compressed Glazed Terracotta,Compressed Glazed Terracotta (144),4,,,,
minekea:building/compressed/red_glazed_terracotta/1x,-85,56,170,Compressed Glazed Terracotta,Compressed Glazed Terracotta (144),5,,,,
minekea:building/compressed/orange_glazed_terracotta/1x,-85,56,169,Compressed Glazed Terracotta,Compressed Glazed Terracotta (144),6,,,,
minekea:building/compressed/yellow_glazed_terracotta/1x,-85,56,168,Compressed Glazed Terracotta,Compressed Glazed Terracotta (144),7,,,,
minekea:building/compressed/lime_glazed_terracotta/1x,-85,56,167,Compressed Glazed Terracotta,Compressed Glazed Terracotta (144),8,,,,
minekea:building/compressed/green_glazed_terracotta/1x,-85,56,166,Compressed Glazed Terracotta,Compressed Glazed Terracotta (144),9,,,,
minekea:building/compressed/cyan_glazed_terracotta/1x,-85,56,165,Compressed Glazed Terracotta,Compressed Glazed Terracotta (144),10,,,,
minekea:building/compressed/light_blue_glazed_terracotta/1x,-85,56,164,Compressed Glazed Terracotta,Compressed Glazed Terracotta (144),11,,,,
minekea:building/compressed/blue_glazed_terracotta/1x,-85,56,163,Compressed Glazed Terracotta,Compressed Glazed Terracotta (144),12,,,,
minekea:building/compressed/purple_glazed_terracotta/1x,-85,56,162,Compressed Glazed Terracotta,Compressed Glazed Terracotta (144),13,,,,
minekea:building/compressed/magenta_glazed_terracotta/1x,-85,56,161,Compressed Glazed Terracotta,Compressed Glazed Terracotta (144),14,,,,
minekea:building/compressed/pink_glazed_terracotta/1x,-85,56,160,Compressed Glazed Terracotta,Compressed Glazed Terracotta (144),15,,,,
minekea:building/compressed/white_glazed_terracotta/2x,-83,56,175,Compressed Glazed Terracotta,Compressed Glazed Terracotta (144),0,,,,
minekea:building/compressed/light_gray_glazed_terracotta/2x,-83,56,174,Compressed Glazed Terracotta,Compressed Glazed Terracotta (144),1,,,,
minekea:building/compressed/gray_glazed_terracotta/2x,-83,56,173,Compressed Glazed Terracotta,Compressed Glazed Terracotta (144),2,,,,
minekea:building/compressed/black_glazed_terracotta/2x,-83,56,172,Compressed Glazed Terracotta,Compressed Glazed Terracotta (144),3,,,,
minekea:building/compressed/brown_glazed_terracotta/2x,-83,56,171,Compressed Glazed Terracotta,Compressed Glazed Terracotta (144),4,,,,
minekea:building/compressed/red_glazed_terracotta/2x,-83,56,170,Compressed Glazed Terracotta,Compressed Glazed Terracotta (144),5,,,,
minekea:building/compressed/orange_glazed_terracotta/2x,-83,56,169,Compressed Glazed Terracotta,Compressed Glazed Terracotta (144),6,,,,
minekea:building/compressed/yellow_glazed_terracotta/2x,-83,56,168,Compressed Glazed Terracotta,Compressed Glazed Terracotta (144),7,,,,
minekea:building/compressed/lime_glazed_terracotta/2x,-83,56,167,Compressed Glazed Terracotta,Compressed Glazed Terracotta (144),8,,,,
minekea:building/compressed/green_glazed_terracotta/2x,-83,56,166,Compressed Glazed Terracotta,Compressed Glazed Terracotta (144),9,,,,
minekea:building/compressed/cyan_glazed_terracotta/2x,-83,56,165,Compressed Glazed Terracotta,Compressed Glazed Terracotta (144),10,,,,
minekea:building/compressed/light_blue_glazed_terracotta/2x,-83,56,164,Compressed Glazed Terracotta,Compressed Glazed Terracotta (144),11,,,,
minekea:building/compressed/blue_glazed_terracotta/2x,-83,56,163,Compressed Glazed Terracotta,Compressed Glazed Terracotta (144),12,,,,
minekea:building/compressed/purple_glazed_terracotta/2x,-83,56,162,Compressed Glazed Terracotta,Compressed Glazed Terracotta (144),13,,,,
minekea:building/compressed/magenta_glazed_terracotta/2x,-83,56,161,Compressed Glazed Terracotta,Compressed Glazed Terracotta (144),14,,,,
minekea:building/compressed/pink_glazed_terracotta/2x,-83,56,160,Compressed Glazed Terracotta,Compressed Glazed Terracotta (144),15,,,,
minekea:building/compressed/white_glazed_terracotta/3x,-81,56,175,Compressed Glazed Terracotta,Compressed Glazed Terracotta (144),0,,,,
minekea:building/compressed/light_gray_glazed_terracotta/3x,-81,56,174,Compressed Glazed Terracotta,Compressed Glazed Terracotta (144),1,,,,
minekea:building/compressed/gray_glazed_terracotta/3x,-81,56,173,Compressed Glazed Terracotta,Compressed Glazed Terracotta (144),2,,,,
minekea:building/compressed/black_glazed_terracotta/3x,-81,56,172,Compressed Glazed Terracotta,Compressed Glazed Terracotta (144),3,,,,
minekea:building/compressed/brown_glazed_terracotta/3x,-81,56,171,Compressed Glazed Terracotta,Compressed Glazed Terracotta (144),4,,,,
minekea:building/compressed/red_glazed_terracotta/3x,-81,56,170,Compressed Glazed Terracotta,Compressed Glazed Terracotta (144),5,,,,
minekea:building/compressed/orange_glazed_terracotta/3x,-81,56,169,Compressed Glazed Terracotta,Compressed Glazed Terracotta (144),6,,,,
minekea:building/compressed/yellow_glazed_terracotta/3x,-81,56,168,Compressed Glazed Terracotta,Compressed Glazed Terracotta (144),7,,,,
minekea:building/compressed/lime_glazed_terracotta/3x,-81,56,167,Compressed Glazed Terracotta,Compressed Glazed Terracotta (144),8,,,,
minekea:building/compressed/green_glazed_terracotta/3x,-81,56,166,Compressed Glazed Terracotta,Compressed Glazed Terracotta (144),9,,,,
minekea:building/compressed/cyan_glazed_terracotta/3x,-81,56,165,Compressed Glazed Terracotta,Compressed Glazed Terracotta (144),10,,,,
minekea:building/compressed/light_blue_glazed_terracotta/3x,-81,56,164,Compressed Glazed Terracotta,Compressed Glazed Terracotta (144),11,,,,
minekea:building/compressed/blue_glazed_terracotta/3x,-81,56,163,Compressed Glazed Terracotta,Compressed Glazed Terracotta (144),12,,,,
minekea:building/compressed/purple_glazed_terracotta/3x,-81,56,162,Compressed Glazed Terracotta,Compressed Glazed Terracotta (144),13,,,,
minekea:building/compressed/magenta_glazed_terracotta/3x,-81,56,161,Compressed Glazed Terracotta,Compressed Glazed Terracotta (144),14,,,,
minekea:building/compressed/pink_glazed_terracotta/3x,-81,56,160,Compressed Glazed Terracotta,Compressed Glazed Terracotta (144),15,,,,
minekea:building/compressed/white_glazed_terracotta/4x,-79,56,175,Compressed Glazed Terracotta,Compressed Glazed Terracotta (144),0,,,,
minekea:building/compressed/light_gray_glazed_terracotta/4x,-79,56,174,Compressed Glazed Terracotta,Compressed Glazed Terracotta (144),1,,,,
minekea:building/compressed/gray_glazed_terracotta/4x,-79,56,173,Compressed Glazed Terracotta,Compressed Glazed Terracotta (144),2,,,,
minekea:building/compressed/black_glazed_terracotta/4x,-79,56,172,Compressed Glazed Terracotta,Compressed Glazed Terracotta (144),3,,,,
minekea:building/compressed/brown_glazed_terracotta/4x,-79,56,171,Compressed Glazed Terracotta,Compressed Glazed Terracotta (144),4,,,,
minekea:building/compressed/red_glazed_terracotta/4x,-79,56,170,Compressed Glazed Terracotta,Compressed Glazed Terracotta (144),5,,,,
minekea:building/compressed/orange_glazed_terracotta/4x,-79,56,169,Compressed Glazed Terracotta,Compressed Glazed Terracotta (144),6,,,,
minekea:building/compressed/yellow_glazed_terracotta/4x,-79,56,168,Compressed Glazed Terracotta,Compressed Glazed Terracotta (144),7,,,,
minekea:building/compressed/lime_glazed_terracotta/4x,-79,56,167,Compressed Glazed Terracotta,Compressed Glazed Terracotta (144),8,,,,
minekea:building/compressed/green_glazed_terracotta/4x,-79,56,166,Compressed Glazed Terracotta,Compressed Glazed Terracotta (144),9,,,,
minekea:building/compressed/cyan_glazed_terracotta/4x,-79,56,165,Compressed Glazed Terracotta,Compressed Glazed Terracotta (144),10,,,,
minekea:building/compressed/light_blue_glazed_terracotta/4x,-79,56,164,Compressed Glazed Terracotta,Compressed Glazed Terracotta (144),11,,,,
minekea:building/compressed/blue_glazed_terracotta/4x,-79,56,163,Compressed Glazed Terracotta,Compressed Glazed Terracotta (144),12,,,,
minekea:building/compressed/purple_glazed_terracotta/4x,-79,56,162,Compressed Glazed Terracotta,Compressed Glazed Terracotta (144),13,,,,
minekea:building/compressed/magenta_glazed_terracotta/4x,-79,56,161,Compressed Glazed Terracotta,Compressed Glazed Terracotta (144),14,,,,
minekea:building/compressed/pink_glazed_terracotta/4x,-79,56,160,Compressed Glazed Terracotta,Compressed Glazed Terracotta (144),15,,,,
minekea:building/compressed/white_glazed_terracotta/5x,-77,56,175,Compressed Glazed Terracotta,Compressed Glazed Terracotta (144),0,,,,
minekea:building/compressed/light_gray_glazed_terracotta/5x,-77,56,174,Compressed Glazed Terracotta,Compressed Glazed Terracotta (144),1,,,,
minekea:building/compressed/gray_glazed_terracotta/5x,-77,56,173,Compressed Glazed Terracotta,Compressed Glazed Terracotta (144),2,,,,
minekea:building/compressed/black_glazed_terracotta/5x,-77,56,172,Compressed Glazed Terracotta,Compressed Glazed Terracotta (144),3,,,,
minekea:building/compressed/brown_glazed_terracotta/5x,-77,56,171,Compressed Glazed Terracotta,Compressed Glazed Terracotta (144),4,,,,
minekea:building/compressed/red_glazed_terracotta/5x,-77,56,170,Compressed Glazed Terracotta,Compressed Glazed Terracotta (144),5,,,,
minekea:building/compressed/orange_glazed_terracotta/5x,-77,56,169,Compressed Glazed Terracotta,Compressed Glazed Terracotta (144),6,,,,
minekea:building/compressed/yellow_glazed_terracotta/5x,-77,56,168,Compressed Glazed Terracotta,Compressed Glazed Terracotta (144),7,,,,
minekea:building/compressed/lime_glazed_terracotta/5x,-77,56,167,Compressed Glazed Terracotta,Compressed Glazed Terracotta (144),8,,,,
minekea:building/compressed/green_glazed_terracotta/5x,-77,56,166,Compressed Glazed Terracotta,Compressed Glazed Terracotta (144),9,,,,
minekea:building/compressed/cyan_glazed_terracotta/5x,-77,56,165,Compressed Glazed Terracotta,Compressed Glazed Terracotta (144),10,,,,
minekea:building/compressed/light_blue_glazed_terracotta/5x,-77,56,164,Compressed Glazed Terracotta,Compressed Glazed Terracotta (144),11,,,,
minekea:building/compressed/blue_glazed_terracotta/5x,-77,56,163,Compressed Glazed Terracotta,Compressed Glazed Terracotta (144),12,,,,
minekea:building/compressed/purple_glazed_terracotta/5x,-77,56,162,Compressed Glazed Terracotta,Compressed Glazed Terracotta (144),13,,,,
minekea:building/compressed/magenta_glazed_terracotta/5x,-77,56,161,Compressed Glazed Terracotta,Compressed Glazed Terracotta (144),14,,,,
minekea:building/compressed/pink_glazed_terracotta/5x,-77,56,160,Compressed Glazed Terracotta,Compressed Glazed Terracotta (144),15,,,,
minekea:building/compressed/white_glazed_terracotta/6x,-75,56,175,Compressed Glazed Terracotta,Compressed Glazed Terracotta (144),0,,,,
minekea:building/compressed/light_gray_glazed_terracotta/6x,-75,56,174,Compressed Glazed Terracotta,Compressed Glazed Terracotta (144),1,,,,
minekea:building/compressed/gray_glazed_terracotta/6x,-75,56,173,Compressed Glazed Terracotta,Compressed Glazed Terracotta (144),2,,,,
minekea:building/compressed/black_glazed_terracotta/6x,-75,56,172,Compressed Glazed Terracotta,Compressed Glazed Terracotta (144),3,,,,
minekea:building/compressed/brown_glazed_terracotta/6x,-75,56,171,Compressed Glazed Terracotta,Compressed Glazed Terracotta (144),4,,,,
minekea:building/compressed/red_glazed_terracotta/6x,-75,56,170,Compressed Glazed Terracotta,Compressed Glazed Terracotta (144),5,,,,
minekea:building/compressed/orange_glazed_terracotta/6x,-75,56,169,Compressed Glazed Terracotta,Compressed Glazed Terracotta (144),6,,,,
minekea:building/compressed/yellow_glazed_terracotta/6x,-75,56,168,Compressed Glazed Terracotta,Compressed Glazed Terracotta (144),7,,,,
minekea:building/compressed/lime_glazed_terracotta/6x,-75,56,167,Compressed Glazed Terracotta,Compressed Glazed Terracotta (144),8,,,,
minekea:building/compressed/green_glazed_terracotta/6x,-75,56,166,Compressed Glazed Terracotta,Compressed Glazed Terracotta (144),9,,,,
minekea:building/compressed/cyan_glazed_terracotta/6x,-75,56,165,Compressed Glazed Terracotta,Compressed Glazed Terracotta (144),10,,,,
minekea:building/compressed/light_blue_glazed_terracotta/6x,-75,56,164,Compressed Glazed Terracotta,Compressed Glazed Terracotta (144),11,,,,
minekea:building/compressed/blue_glazed_terracotta/6x,-75,56,163,Compressed Glazed Terracotta,Compressed Glazed Terracotta (144),12,,,,
minekea:building/compressed/purple_glazed_terracotta/6x,-75,56,162,Compressed Glazed Terracotta,Compressed Glazed Terracotta (144),13,,,,
minekea:building/compressed/magenta_glazed_terracotta/6x,-75,56,161,Compressed Glazed Terracotta,Compressed Glazed Terracotta (144),14,,,,
minekea:building/compressed/pink_glazed_terracotta/6x,-75,56,160,Compressed Glazed Terracotta,Compressed Glazed Terracotta (144),15,,,,
minekea:building/compressed/white_glazed_terracotta/7x,-73,56,175,Compressed Glazed Terracotta,Compressed Glazed Terracotta (144),0,,,,
minekea:building/compressed/light_gray_glazed_terracotta/7x,-73,56,174,Compressed Glazed Terracotta,Compressed Glazed Terracotta (144),1,,,,
minekea:building/compressed/gray_glazed_terracotta/7x,-73,56,173,Compressed Glazed Terracotta,Compressed Glazed Terracotta (144),2,,,,
minekea:building/compressed/black_glazed_terracotta/7x,-73,56,172,Compressed Glazed Terracotta,Compressed Glazed Terracotta (144),3,,,,
minekea:building/compressed/brown_glazed_terracotta/7x,-73,56,171,Compressed Glazed Terracotta,Compressed Glazed Terracotta (144),4,,,,
minekea:building/compressed/red_glazed_terracotta/7x,-73,56,170,Compressed Glazed Terracotta,Compressed Glazed Terracotta (144),5,,,,
minekea:building/compressed/orange_glazed_terracotta/7x,-73,56,169,Compressed Glazed Terracotta,Compressed Glazed Terracotta (144),6,,,,
minekea:building/compressed/yellow_glazed_terracotta/7x,-73,56,168,Compressed Glazed Terracotta,Compressed Glazed Terracotta (144),7,,,,
minekea:building/compressed/lime_glazed_terracotta/7x,-73,56,167,Compressed Glazed Terracotta,Compressed Glazed Terracotta (144),8,,,,
minekea:building/compressed/green_glazed_terracotta/7x,-73,56,166,Compressed Glazed Terracotta,Compressed Glazed Terracotta (144),9,,,,
minekea:building/compressed/cyan_glazed_terracotta/7x,-73,56,165,Compressed Glazed Terracotta,Compressed Glazed Terracotta (144),10,,,,
minekea:building/compressed/light_blue_glazed_terracotta/7x,-73,56,164,Compressed Glazed Terracotta,Compressed Glazed Terracotta (144),11,,,,
minekea:building/compressed/blue_glazed_terracotta/7x,-73,56,163,Compressed Glazed Terracotta,Compressed Glazed Terracotta (144),12,,,,
minekea:building/compressed/purple_glazed_terracotta/7x,-73,56,162,Compressed Glazed Terracotta,Compressed Glazed Terracotta (144),13,,,,
minekea:building/compressed/magenta_glazed_terracotta/7x,-73,56,161,Compressed Glazed Terracotta,Compressed Glazed Terracotta (144),14,,,,
minekea:building/compressed/pink_glazed_terracotta/7x,-73,56,160,Compressed Glazed Terracotta,Compressed Glazed Terracotta (144),15,,,,
minekea:building/compressed/white_glazed_terracotta/8x,-71,56,175,Compressed Glazed Terracotta,Compressed Glazed Terracotta (144),0,,,,
minekea:building/compressed/light_gray_glazed_terracotta/8x,-71,56,174,Compressed Glazed Terracotta,Compressed Glazed Terracotta (144),1,,,,
minekea:building/compressed/gray_glazed_terracotta/8x,-71,56,173,Compressed Glazed Terracotta,Compressed Glazed Terracotta (144),2,,,,
minekea:building/compressed/black_glazed_terracotta/8x,-71,56,172,Compressed Glazed Terracotta,Compressed Glazed Terracotta (144),3,,,,
minekea:building/compressed/brown_glazed_terracotta/8x,-71,56,171,Compressed Glazed Terracotta,Compressed Glazed Terracotta (144),4,,,,
minekea:building/compressed/red_glazed_terracotta/8x,-71,56,170,Compressed Glazed Terracotta,Compressed Glazed Terracotta (144),5,,,,
minekea:building/compressed/orange_glazed_terracotta/8x,-71,56,169,Compressed Glazed Terracotta,Compressed Glazed Terracotta (144),6,,,,
minekea:building/compressed/yellow_glazed_terracotta/8x,-71,56,168,Compressed Glazed Terracotta,Compressed Glazed Terracotta (144),7,,,,
minekea:building/compressed/lime_glazed_terracotta/8x,-71,56,167,Compressed Glazed Terracotta,Compressed Glazed Terracotta (144),8,,,,
minekea:building/compressed/green_glazed_terracotta/8x,-71,56,166,Compressed Glazed Terracotta,Compressed Glazed Terracotta (144),9,,,,
minekea:building/compressed/cyan_glazed_terracotta/8x,-71,56,165,Compressed Glazed Terracotta,Compressed Glazed Terracotta (144),10,,,,
minekea:building/compressed/light_blue_glazed_terracotta/8x,-71,56,164,Compressed Glazed Terracotta,Compressed Glazed Terracotta (144),11,,,,
minekea:building/compressed/blue_glazed_terracotta/8x,-71,56,163,Compressed Glazed Terracotta,Compressed Glazed Terracotta (144),12,,,,
minekea:building/compressed/purple_glazed_terracotta/8x,-71,56,162,Compressed Glazed Terracotta,Compressed Glazed Terracotta (144),13,,,,
minekea:building/compressed/magenta_glazed_terracotta/8x,-71,56,161,Compressed Glazed Terracotta,Compressed Glazed Terracotta (144),14,,,,
minekea:building/compressed/pink_glazed_terracotta/8x,-71,56,160,Compressed Glazed Terracotta,Compressed Glazed Terracotta (144),15,,,,
minekea:building/compressed/white_glazed_terracotta/9x,-69,56,175,Compressed Glazed Terracotta,Compressed Glazed Terracotta (144),0,,,,
minekea:building/compressed/light_gray_glazed_terracotta/9x,-69,56,174,Compressed Glazed Terracotta,Compressed Glazed Terracotta (144),1,,,,
minekea:building/compressed/gray_glazed_terracotta/9x,-69,56,173,Compressed Glazed Terracotta,Compressed Glazed Terracotta (144),2,,,,
minekea:building/compressed/black_glazed_terracotta/9x,-69,56,172,Compressed Glazed Terracotta,Compressed Glazed Terracotta (144),3,,,,
minekea:building/compressed/brown_glazed_terracotta/9x,-69,56,171,Compressed Glazed Terracotta,Compressed Glazed Terracotta (144),4,,,,
minekea:building/compressed/red_glazed_terracotta/9x,-69,56,170,Compressed Glazed Terracotta,Compressed Glazed Terracotta (144),5,,,,
minekea:building/compressed/orange_glazed_terracotta/9x,-69,56,169,Compressed Glazed Terracotta,Compressed Glazed Terracotta (144),6,,,,
minekea:building/compressed/yellow_glazed_terracotta/9x,-69,56,168,Compressed Glazed Terracotta,Compressed Glazed Terracotta (144),7,,,,
minekea:building/compressed/lime_glazed_terracotta/9x,-69,56,167,Compressed Glazed Terracotta,Compressed Glazed Terracotta (144),8,,,,
minekea:building/compressed/green_glazed_terracotta/9x,-69,56,166,Compressed Glazed Terracotta,Compressed Glazed Terracotta (144),9,,,,
minekea:building/compressed/cyan_glazed_terracotta/9x,-69,56,165,Compressed Glazed Terracotta,Compressed Glazed Terracotta (144),10,,,,
minekea:building/compressed/light_blue_glazed_terracotta/9x,-69,56,164,Compressed Glazed Terracotta,Compressed Glazed Terracotta (144),11,,,,
minekea:building/compressed/blue_glazed_terracotta/9x,-69,56,163,Compressed Glazed Terracotta,Compressed Glazed Terracotta (144),12,,,,
minekea:building/compressed/purple_glazed_terracotta/9x,-69,56,162,Compressed Glazed Terracotta,Compressed Glazed Terracotta (144),13,,,,
minekea:building/compressed/magenta_glazed_terracotta/9x,-69,56,161,Compressed Glazed Terracotta,Compressed Glazed Terracotta (144),14,,,,
minekea:building/compressed/pink_glazed_terracotta/9x,-69,56,160,Compressed Glazed Terracotta,Compressed Glazed Terracotta (144),15,,,,
minekea:building/beams/cracked_stone_brick,-191,56,154,stone,Stone (72),0,,,,
minekea:building/beams/mossy_stone_brick,-190,56,154,stone,Stone (72),0,,,,
minekea:building/beams/smooth_stone,-189,56,154,stone,Stone (72),0,,,,
minekea:building/beams/stone,-188,56,154,stone,Stone (72),0,,,,
minekea:building/beams/stone_brick,-187,56,154,stone,Stone (72),0,,,,
minekea:building/covers/cracked_stone_brick,-186,56,154,stone,Stone (72),0,facing=south,,,
minekea:building/covers/mossy_stone_brick,-185,56,154,stone,Stone (72),0,facing=south,,,
minekea:building/covers/smooth_stone,-184,56,154,stone,Stone (72),0,facing=south,,,
minekea:building/covers/stone,-183,56,154,stone,Stone (72),0,facing=south,,,
minekea:building/covers/stone_brick,-182,56,154,stone,Stone (72),0,facing=south,,,
minekea:building/slabs/vertical/mossy_stone_bricks,-191,57,153,stone,Stone (72),1,facing=east,,,
minekea:building/slabs/vertical/smooth_stone,-190,57,153,stone,Stone (72),1,facing=east,,,
minekea:building/slabs/vertical/stone,-189,57,153,stone,Stone (72),1,facing=east,,,
minekea:building/slabs/vertical/stone_bricks,-188,57,153,stone,Stone (72),1,facing=east,,,
minekea:building/slabs/bookshelves/smooth_stone,-187,57,153,stone,Stone (72),1,,,,
minekea:building/slabs/bookshelves/stone_brick,-186,57,153,stone,Stone (72),1,,,,
minekea:building/slabs/bookshelves/vertical/smooth_stone,-185,57,153,stone,Stone (72),1,facing=east,,,
minekea:building/slabs/bookshelves/vertical/stone_brick,-184,57,153,stone,Stone (72),1,facing=east,,,
minekea:building/stairs/vertical/mossy_stone_bricks,-191,58,152,stone,Stone (72),2,facing=south,,,
minekea:building/stairs/vertical/stone,-190,58,152,stone,Stone (72),2,facing=south,,,
minekea:building/stairs/vertical/stone_bricks,-189,58,152,stone,Stone (72),2,facing=south,,,
minekea:building/stairs/bookshelves/smooth_stone,-188,58,152,stone,Stone (72),2,facing=north,,,
minekea:building/stairs/bookshelves/stone_brick,-187,58,152,stone,Stone (72),2,facing=north,,,
minekea:building/stairs/bookshelves/vertical/smooth_stone,-186,58,152,stone,Stone (72),2,facing=south,,,
minekea:building/stairs/bookshelves/vertical/stone_brick,-185,58,152,stone,Stone (72),2,facing=south,,,
minekea:furniture/bookshelves/smooth_stone,-191,59,151,stone,Stone (72),3,,,,
minekea:furniture/bookshelves/stone_brick,-190,59,151,stone,Stone (72),3,,,,
minekea:building/compressed/cracked_stone_bricks/1x,-191,60,150,stone,Stone (72),4,,,,
minekea:building/compressed/cracked_stone_bricks/2x,-190,60,150,stone,Stone (72),4,,,,
minekea:building/compressed/cracked_stone_bricks/3x,-189,60,150,stone,Stone (72),4,,,,
minekea:building/compressed/cracked_stone_bricks/4x,-191,61,149,stone,Stone (72),5,,,,
minekea:building/compressed/cracked_stone_bricks/5x,-190,61,149,stone,Stone (72),5,,,,
minekea:building/compressed/cracked_stone_bricks/6x,-189,61,149,stone,Stone (72),5,,,,
minekea:building/compressed/cracked_stone_bricks/7x,-191,62,148,stone,Stone (72),6,,,,
minekea:building/compressed/cracked_stone_bricks/8x,-190,62,148,stone,Stone (72),6,,,,
minekea:building/compressed/cracked_stone_bricks/9x,-189,62,148,stone,Stone (72),6,,,,
minekea:building/compressed/mossy_stone_bricks/1x,-187,60,150,stone,Stone (72),4,,,,
minekea:building/compressed/mossy_stone_bricks/2x,-186,60,150,stone,Stone (72),4,,,,
minekea:building/compressed/mossy_stone_bricks/3x,-185,60,150,stone,Stone (72),4,,,,
minekea:building/compressed/mossy_stone_bricks/4x,-187,61,149,stone,Stone (72),5,,,,
minekea:building/compressed/mossy_stone_bricks/5x,-186,61,149,stone,Stone (72),5,,,,
minekea:building/compressed/mossy_stone_bricks/6x,-185,61,149,stone,Stone (72),5,,,,
minekea:building/compressed/mossy_stone_bricks/7x,-187,62,148,stone,Stone (72),6,,,,
minekea:building/compressed/mossy_stone_bricks/8x,-186,62,148,stone,Stone (72),6,,,,
minekea:building/compressed/mossy_stone_bricks/9x,-185,62,148,stone,Stone (72),6,,,,
minekea:building/compressed/smooth_stone/1x,-183,60,150,stone,Stone (72),4,,,,
minekea:building/compressed/smooth_stone/2x,-182,60,150,stone,Stone (72),4,,,,
minekea:building/compressed/smooth_stone/3x,-181,60,150,stone,Stone (72),4,,,,
minekea:building/compressed/smooth_stone/4x,-183,61,149,stone,Stone (72),5,,,,
minekea:building/compressed/smooth_stone/5x,-182,61,149,stone,Stone (72),5,,,,
minekea:building/compressed/smooth_stone/6x,-181,61,149,stone,Stone (72),5,,,,
minekea:building/compressed/smooth_stone/7x,-183,62,148,stone,Stone (72),6,,,,
minekea:building/compressed/smooth_stone/8x,-182,62,148,stone,Stone (72),6,,,,
minekea:building/compressed/smooth_stone/9x,-181,62,148,stone,Stone (72),6,,,,
minekea:building/compressed/stone/1x,-191,63,147,stone,Stone (72),7,,,,
minekea:building/compressed/stone/2x,-190,63,147,stone,Stone (72),7,,,,
minekea:building/compressed/stone/3x,-189,63,147,stone,Stone (72),7,,,,
minekea:building/compressed/stone/4x,-191,64,146,stone,Stone (72),8,,,,
minekea:building/compressed/stone/5x,-190,64,146,stone,Stone (72),8,,,,
minekea:building/compressed/stone/6x,-189,64,146,stone,Stone (72),8,,,,
minekea:building/compressed/stone/7x,-191,65,145,stone,Stone (72),9,,,,
minekea:building/compressed/stone/8x,-190,65,145,stone,Stone (72),9,,,,
minekea:building/compressed/stone/9x,-189,65,145,stone,Stone (72),9,,,,
minekea:building/compressed/stone_bricks/1x,-187,63,147,stone,Stone (72),7,,,,
minekea:building/compressed/stone_bricks/2x,-186,63,147,stone,Stone (72),7,,,,
minekea:building/compressed/stone_bricks/3x,-185,63,147,stone,Stone (72),7,,,,
minekea:building/compressed/stone_bricks/4x,-187,64,146,stone,Stone (72),8,,,,
minekea:building/compressed/stone_bricks/5x,-186,64,146,stone,Stone (72),8,,,,
minekea:building/compressed/stone_bricks/6x,-185,64,146,stone,Stone (72),8,,,,
minekea:building/compressed/stone_bricks/7x,-187,65,145,stone,Stone (72),9,,,,
minekea:building/compressed/stone_bricks/8x,-186,65,145,stone,Stone (72),9,,,,
minekea:building/compressed/stone_bricks/9x,-185,65,145,stone,Stone (72),9,,,,
minekea:building/beams/cobblestone,-178,56,154,cobblestone,Cobblestone (26),0,,,,
minekea:building/beams/mossy_cobblestone,-177,56,154,cobblestone,Cobblestone (26),0,,,,
minekea:building/covers/cobblestone,-176,56,154,cobblestone,Cobblestone (26),0,facing=south,,,
minekea:building/covers/mossy_cobblestone,-175,56,154,cobblestone,Cobblestone (26),0,facing=south,,,
minekea:building/slabs/vertical/cobblestone,-178,57,153,cobblestone,Cobblestone (26),1,facing=east,,,
minekea:building/slabs/vertical/mossy_cobblestone,-177,57,153,cobblestone,Cobblestone (26),1,facing=east,,,
minekea:building/stairs/vertical/cobblestone,-178,58,152,cobblestone,Cobblestone (26),2,facing=south,,,
minekea:building/stairs/vertical/mossy_cobblestone,-177,58,152,cobblestone,Cobblestone (26),2,facing=south,,,
minekea:building/compressed/cobblestone/1x,-178,60,150,cobblestone,Cobblestone (26),4,,,,
minekea:building/compressed/cobblestone/2x,-177,60,150,cobblestone,Cobblestone (26),4,,,,
minekea:building/compressed/cobblestone/3x,-176,60,150,cobblestone,Cobblestone (26),4,,,,
minekea:building/compressed/cobblestone/4x,-178,61,149,cobblestone,Cobblestone (26),5,,,,
minekea:building/compressed/cobblestone/5x,-177,61,149,cobblestone,Cobblestone (26),5,,,,
minekea:building/compressed/cobblestone/6x,-176,61,149,cobblestone,Cobblestone (26),5,,,,
minekea:building/compressed/cobblestone/7x,-178,62,148,cobblestone,Cobblestone (26),6,,,,
minekea:building/compressed/cobblestone/8x,-177,62,148,cobblestone,Cobblestone (26),6,,,,
minekea:building/compressed/cobblestone/9x,-176,62,148,cobblestone,Cobblestone (26),6,,,,
minekea:building/compressed/mossy_cobblestone/1x,-174,60,150,cobblestone,Cobblestone (26),4,,,,
minekea:building/compressed/mossy_cobblestone/2x,-173,60,150,cobblestone,Cobblestone (26),4,,,,
minekea:building/compressed/mossy_cobblestone/3x,-172,60,150,cobblestone,Cobblestone (26),4,,,,
minekea:building/compressed/mossy_cobblestone/4x,-174,61,149,cobblestone,Cobblestone (26),5,,,,
minekea:building/compressed/mossy_cobblestone/5x,-173,61,149,cobblestone,Cobblestone (26),5,,,,
minekea:building/compressed/mossy_cobblestone/6x,-172,61,149,cobblestone,Cobblestone (26),5,,,,
minekea:building/compressed/mossy_cobblestone/7x,-174,62,148,cobblestone,Cobblestone (26),6,,,,
minekea:building/compressed/mossy_cobblestone/8x,-173,62,148,cobblestone,Cobblestone (26),6,,,,
minekea:building/compressed/mossy_cobblestone/9x,-172,62,148,cobblestone,Cobblestone (26),6,,,,
minekea:building/beams/granite,-169,56,154,granite,Granite (31),0,,,,
minekea:building/beams/polished_granite,-168,56,154,granite,Granite (31),0,,,,
minekea:building/covers/granite,-167,56,154,granite,Granite (31),0,facing=south,,,
minekea:building/covers/polished_granite,-166,56,154,granite,Granite (31),0,facing=south,,,
minekea:building/slabs/vertical/granite,-169,57,153,granite,Granite (31),1,facing=east,,,
minekea:building/slabs/vertical/polished_granite,-168,57,153,granite,Granite (31),1,facing=east,,,
minekea:building/slabs/bookshelves/polished_granite,-167,57,153,granite,Granite (31),1,,,,
minekea:building/slabs/bookshelves/vertical/polished_granite,-166,57,153,granite,Granite (31),1,facing=east,,,
minekea:building/stairs/vertical/granite,-169,58,152,granite,Granite (31),2,facing=south,,,
minekea:building/stairs/vertical/polished_granite,-168,58,152,granite,Granite (31),2,facing=south,,,
minekea:building/stairs/bookshelves/polished_granite,-167,58,152,granite,Granite (31),2,facing=north,,,
minekea:building/stairs/bookshelves/vertical/polished_granite,-166,58,152,granite,Granite (31),2,facing=south,,,
minekea:furniture/bookshelves/polished_granite,-169,59,151,granite,Granite (31),3,,,,
minekea:building/compressed/granite/1x,-169,60,150,granite,Granite (31),4,,,,
minekea:building/compressed/granite/2x,-168,60,150,granite,Granite (31),4,,,,
minekea:building/compressed/granite/3x,-167,60,150,granite,Granite (31),4,,,,
minekea:building/compressed/granite/4x,-169,61,149,granite,Granite (31),5,,,,
minekea:building/compressed/granite/5x,-168,61,149,granite,Granite (31),5,,,,
minekea:building/compressed/granite/6x,-167,61,149,granite,Granite (31),5,,,,
minekea:building/compressed/granite/7x,-169,62,148,granite,Granite (31),6,,,,
minekea:building/compressed/granite/8x,-168,62,148,granite,Granite (31),6,,,,
minekea:building/compressed/granite/9x,-167,62,148,granite,Granite (31),6,,,,
minekea:building/compressed/polished_granite/1x,-165,60,150,granite,Granite (31),4,,,,
minekea:building/compressed/polished_granite/2x,-164,60,150,granite,Granite (31),4,,,,
minekea:building/compressed/polished_granite/3x,-163,60,150,granite,Granite (31),4,,,,
minekea:building/compressed/polished_granite/4x,-165,61,149,granite,Granite (31),5,,,,
minekea:building/compressed/polished_granite/5x,-164,61,149,granite,Granite (31),5,,,,
minekea:building/compressed/polished_granite/6x,-163,61,149,granite,Granite (31),5,,,,
minekea:building/compressed/polished_granite/7x,-165,62,148,granite,Granite (31),6,,,,
minekea:building/compressed/polished_granite/8x,-164,62,148,granite,Granite (31),6,,,,
minekea:building/compressed/polished_granite/9x,-163,62,148,granite,Granite (31),6,,,,
minekea:building/beams/diorite,-160,56,154,diorite,Diorite (31),0,,,,
minekea:building/beams/polished_diorite,-159,56,154,diorite,Diorite (31),0,,,,
minekea:building/covers/diorite,-158,56,154,diorite,Diorite (31),0,facing=south,,,
minekea:building/covers/polished_diorite,-157,56,154,diorite,Diorite (31),0,facing=south,,,
minekea:building/slabs/vertical/diorite,-160,57,153,diorite,Diorite (31),1,facing=east,,,
minekea:building/slabs/vertical/polished_diorite,-159,57,153,diorite,Diorite (31),1,facing=east,,,
minekea:building/slabs/bookshelves/polished_diorite,-158,57,153,diorite,Diorite (31),1,,,,
minekea:building/slabs/bookshelves/vertical/polished_diorite,-157,57,153,diorite,Diorite (31),1,facing=east,,,
minekea:building/stairs/vertical/diorite,-160,58,152,diorite,Diorite (31),2,facing=south,,,
minekea:building/stairs/vertical/polished_diorite,-159,58,152,diorite,Diorite (31),2,facing=south,,,
minekea:building/stairs/bookshelves/polished_diorite,-158,58,152,diorite,Diorite (31),2,facing=north,,,
minekea:building/stairs/bookshelves/vertical/polished_diorite,-157,58,152,diorite,Diorite (31),2,facing=south,,,
minekea:furniture/bookshelves/polished_diorite,-160,59,151,diorite,Diorite (31),3,,,,
minekea:building/compressed/diorite/1x,-160,60,150,diorite,Diorite (31),4,,,,
minekea:building/compressed/diorite/2x,-159,60,150,diorite,Diorite (31),4,,,,
minekea:building/compressed/diorite/3x,-158,60,150,diorite,Diorite (31),4,,,,
minekea:building/compressed/diorite/4x,-160,61,149,diorite,Diorite (31),5,,,,
minekea:building/compressed/diorite/5x,-159,61,149,diorite,Diorite (31),5,,,,
minekea:building/compressed/diorite/6x,-158,61,149,diorite,Diorite (31),5,,,,
minekea:building/compressed/diorite/7x,-160,62,148,diorite,Diorite (31),6,,,,
minekea:building/compressed/diorite/8x,-159,62,148,diorite,Diorite (31),6,,,,
minekea:building/compressed/diorite/9x,-158,62,148,diorite,Diorite (31),6,,,,
minekea:building/compressed/polished_diorite/1x,-156,60,150,diorite,Diorite (31),4,,,,
minekea:building/compressed/polished_diorite/2x,-155,60,150,diorite,Diorite (31),4,,,,
minekea:building/compressed/polished_diorite/3x,-154,60,150,diorite,Diorite (31),4,,,,
minekea:building/compressed/polished_diorite/4x,-156,61,149,diorite,Diorite (31),5,,,,
minekea:building/compressed/polished_diorite/5x,-155,61,149,diorite,Diorite (31),5,,,,
minekea:building/compressed/polished_diorite/6x,-154,61,149,diorite,Diorite (31),5,,,,
minekea:building/compressed/polished_diorite/7x,-156,62,148,diorite,Diorite (31),6,,,,
minekea:building/compressed/polished_diorite/8x,-155,62,148,diorite,Diorite (31),6,,,,
minekea:building/compressed/polished_diorite/9x,-154,62,148,diorite,Diorite (31),6,,,,
minekea:building/beams/andesite,-151,56,154,andesite,Andesite (31),0,,,,
minekea:building/beams/polished_andesite,-150,56,154,andesite,Andesite (31),0,,,,
minekea:building/covers/andesite,-149,56,154,andesite,Andesite (31),0,facing=south,,,
minekea:building/covers/polished_andesite,-148,56,154,andesite,Andesite (31),0,facing=south,,,
minekea:building/slabs/vertical/andesite,-151,57,153,andesite,Andesite (31),1,facing=east,,,
minekea:building/slabs/vertical/polished_andesite,-150,57,153,andesite,Andesite (31),1,facing=east,,,
minekea:building/slabs/bookshelves/polished_andesite,-149,57,153,andesite,Andesite (31),1,,,,
minekea:building/slabs/bookshelves/vertical/polished_andesite,-148,57,153,andesite,Andesite (31),1,facing=east,,,
minekea:building/stairs/vertical/andesite,-151,58,152,andesite,Andesite (31),2,facing=south,,,
minekea:building/stairs/vertical/polished_andesite,-150,58,152,andesite,Andesite (31),2,facing=south,,,
minekea:building/stairs/bookshelves/polished_andesite,-149,58,152,andesite,Andesite (31),2,facing=north,,,
minekea:building/stairs/bookshelves/vertical/polished_andesite,-148,58,152,andesite,Andesite (31),2,facing=south,,,
minekea:furniture/bookshelves/polished_andesite,-151,59,151,andesite,Andesite (31),3,,,,
minekea:building/compressed/andesite/1x,-151,60,150,andesite,Andesite (31),4,,,,
minekea:building/compressed/andesite/2x,-150,60,150,andesite,Andesite (31),4,,,,
minekea:building/compressed/andesite/3x,-149,60,150,andesite,Andesite (31),4,,,,
minekea:building/compressed/andesite/4x,-151,61,149,andesite,Andesite (31),5,,,,
minekea:building/compressed/andesite/5x,-150,61,149,andesite,Andesite (31),5,,,,
minekea:building/compressed/andesite/6x,-149,61,149,andesite,Andesite (31),5,,,,
minekea:building/compressed/andesite/7x,-151,62,148,andesite,Andesite (31),6,,,,
minekea:building/compressed/andesite/8x,-150,62,148,andesite,Andesite (31),6,,,,
minekea:building/compressed/andesite/9x,-149,62,148,andesite,Andesite (31),6,,,,
minekea:building/compressed/polished_andesite/1x,-147,60,150,andesite,Andesite (31),4,,,,
minekea:building/compressed/polished_andesite/2x,-146,60,150,andesite,Andesite (31),4,,,,
minekea:building/compressed/polished_andesite/3x,-145,60,150,andesite,Andesite (31),4,,,,
minekea:building/compressed/polished_andesite/4x,-147,61,149,andesite,Andesite (31),5,,,,
minekea:building/compressed/polished_andesite/5x,-146,61,149,andesite,Andesite (31),5,,,,
minekea:building/compressed/polished_andesite/6x,-145,61,149,andesite,Andesite (31),5,,,,
minekea:building/compressed/polished_andesite/7x,-147,62,148,andesite,Andesite (31),6,,,,
minekea:building/compressed/polished_andesite/8x,-146,62,148,andesite,Andesite (31),6,,,,
minekea:building/compressed/polished_andesite/9x,-145,62,148,andesite,Andesite (31),6,,,,
minekea:building/beams/cobbled_deepslate,-142,56,154,deepslate,Deepslate (95),0,,,,
minekea:building/beams/cracked_deepslate_brick,-141,56,154,deepslate,Deepslate (95),0,,,,
minekea:building/beams/cracked_deepslate_tile,-140,56,154,deepslate,Deepslate (95),0,,,,
minekea:building/beams/deepslate,-139,56,154,deepslate,Deepslate (95),0,,,,
minekea:building/beams/deepslate_brick,-138,56,154,deepslate,Deepslate (95),0,,,,
minekea:building/beams/deepslate_tile,-137,56,154,deepslate,Deepslate (95),0,,,,
minekea:building/beams/polished_deepslate,-136,56,154,deepslate,Deepslate (95),0,,,,
minekea:building/covers/cobbled_deepslate,-135,56,154,deepslate,Deepslate (95),0,facing=south,,,
minekea:building/covers/cracked_deepslate_brick,-134,56,154,deepslate,Deepslate (95),0,facing=south,,,
minekea:building/covers/cracked_deepslate_tile,-133,56,154,deepslate,Deepslate (95),0,facing=south,,,
minekea:building/covers/deepslate,-132,56,154,deepslate,Deepslate (95),0,facing=south,,,
minekea:building/covers/deepslate_brick,-131,56,154,deepslate,Deepslate (95),0,facing=south,,,
minekea:building/covers/deepslate_tile,-130,56,154,deepslate,Deepslate (95),0,facing=south,,,
minekea:building/covers/polished_deepslate,-129,56,154,deepslate,Deepslate (95),0,facing=south,,,
minekea:building/slabs/vertical/cobbled_deepslate,-142,57,153,deepslate,Deepslate (95),1,facing=east,,,
minekea:building/slabs/vertical/deepslate_bricks,-141,57,153,deepslate,Deepslate (95),1,facing=east,,,
minekea:building/slabs/vertical/deepslate_tiles,-140,57,153,deepslate,Deepslate (95),1,facing=east,,,
minekea:building/slabs/vertical/polished_deepslate,-139,57,153,deepslate,Deepslate (95),1,facing=east,,,
minekea:building/slabs/bookshelves/deepslate_brick,-138,57,153,deepslate,Deepslate (95),1,,,,
minekea:building/slabs/bookshelves/polished_deepslate,-137,57,153,deepslate,Deepslate (95),1,,,,
minekea:building/slabs/bookshelves/vertical/deepslate_brick,-136,57,153,deepslate,Deepslate (95),1,facing=east,,,
minekea:building/slabs/bookshelves/vertical/polished_deepslate,-135,57,153,deepslate,Deepslate (95),1,facing=east,,,
minekea:building/stairs/vertical/cobbled_deepslate,-142,58,152,deepslate,Deepslate (95),2,facing=south,,,
minekea:building/stairs/vertical/deepslate_bricks,-141,58,152,deepslate,Deepslate (95),2,facing=south,,,
minekea:building/stairs/vertical/deepslate_tiles,-140,58,152,deepslate,Deepslate (95),2,facing=south,,,
minekea:building/stairs/vertical/polished_deepslate,-139,58,152,deepslate,Deepslate (95),2,facing=south,,,
minekea:building/stairs/bookshelves/deepslate_brick,-138,58,152,deepslate,Deepslate (95),2,facing=north,,,
minekea:building/stairs/bookshelves/polished_deepslate,-137,58,152,deepslate,Deepslate (95),2,facing=north,,,
minekea:building/stairs/bookshelves/vertical/deepslate_brick,-136,58,152,deepslate,Deepslate (95),2,facing=south,,,
minekea:building/stairs/bookshelves/vertical/polished_deepslate,-135,58,152,deepslate,Deepslate (95),2,facing=south,,,
minekea:furniture/bookshelves/deepslate_brick,-142,59,151,deepslate,Deepslate (95),3,,,,
minekea:furniture/bookshelves/polished_deepslate,-141,59,151,deepslate,Deepslate (95),3,,,,
minekea:building/compressed/cobbled_deepslate/1x,-142,60,150,deepslate,Deepslate (95),4,,,,
minekea:building/compressed/cobbled_deepslate/2x,-141,60,150,deepslate,Deepslate (95),4,,,,
minekea:building/compressed/cobbled_deepslate/3x,-140,60,150,deepslate,Deepslate (95),4,,,,
minekea:building/compressed/cobbled_deepslate/4x,-142,61,149,deepslate,Deepslate (95),5,,,,
minekea:building/compressed/cobbled_deepslate/5x,-141,61,149,deepslate,Deepslate (95),5,,,,
minekea:building/compressed/cobbled_deepslate/6x,-140,61,149,deepslate,Deepslate (95),5,,,,
minekea:building/compressed/cobbled_deepslate/7x,-142,62,148,deepslate,Deepslate (95),6,,,,
minekea:building/compressed/cobbled_deepslate/8x,-141,62,148,deepslate,Deepslate (95),6,,,,
minekea:building/compressed/cobbled_deepslate/9x,-140,62,148,deepslate,Deepslate (95),6,,,,
minekea:building/compressed/cracked_deepslate_bricks/1x,-138,60,150,deepslate,Deepslate (95),4,,,,
minekea:building/compressed/cracked_deepslate_bricks/2x,-137,60,150,deepslate,Deepslate (95),4,,,,
minekea:building/compressed/cracked_deepslate_bricks/3x,-136,60,150,deepslate,Deepslate (95),4,,,,
minekea:building/compressed/cracked_deepslate_bricks/4x,-138,61,149,deepslate,Deepslate (95),5,,,,
minekea:building/compressed/cracked_deepslate_bricks/5x,-137,61,149,deepslate,Deepslate (95),5,,,,
minekea:building/compressed/cracked_deepslate_bricks/6x,-136,61,149,deepslate,Deepslate (95),5,,,,
minekea:building/compressed/cracked_deepslate_bricks/7x,-138,62,148,deepslate,Deepslate (95),6,,,,
minekea:building/compressed/cracked_deepslate_bricks/8x,-137,62,148,deepslate,Deepslate (95),6,,,,
minekea:building/compressed/cracked_deepslate_bricks/9x,-136,62,148,deepslate,Deepslate (95),6,,,,
minekea:building/compressed/cracked_deepslate_tiles/1x,-134,60,150,deepslate,Deepslate (95),4,,,,
minekea:building/compressed/cracked_deepslate_tiles/2x,-133,60,150,deepslate,Deepslate (95),4,,,,
minekea:building/compressed/cracked_deepslate_tiles/3x,-132,60,150,deepslate,Deepslate (95),4,,,,
minekea:building/compressed/cracked_deepslate_tiles/4x,-134,61,149,deepslate,Deepslate (95),5,,,,
minekea:building/compressed/cracked_deepslate_tiles/5x,-133,61,149,deepslate,Deepslate (95),5,,,,
minekea:building/compressed/cracked_deepslate_tiles/6x,-132,61,149,deepslate,Deepslate (95),5,,,,
minekea:building/compressed/cracked_deepslate_tiles/7x,-134,62,148,deepslate,Deepslate (95),6,,,,
minekea:building/compressed/cracked_deepslate_tiles/8x,-133,62,148,deepslate,Deepslate (95),6,,,,
minekea:building/compressed/cracked_deepslate_tiles/9x,-132,62,148,deepslate,Deepslate (95),6,,,,
minekea:building/compressed/deepslate/1x,-142,63,147,deepslate,Deepslate (95),7,,,,
minekea:building/compressed/deepslate/2x,-141,63,147,deepslate,Deepslate (95),7,,,,
minekea:building/compressed/deepslate/3x,-140,63,147,deepslate,Deepslate (95),7,,,,
minekea:building/compressed/deepslate/4x,-142,64,146,deepslate,Deepslate (95),8,,,,
minekea:building/compressed/deepslate/5x,-141,64,146,deepslate,Deepslate (95),8,,,,
minekea:building/compressed/deepslate/6x,-140,64,146,deepslate,Deepslate (95),8,,,,
minekea:building/compressed/deepslate/7x,-142,65,145,deepslate,Deepslate (95),9,,,,
minekea:building/compressed/deepslate/8x,-141,65,145,deepslate,Deepslate (95),9,,,,
minekea:building/compressed/deepslate/9x,-140,65,145,deepslate,Deepslate (95),9,,,,
minekea:building/compressed/deepslate_bricks/1x,-138,63,147,deepslate,Deepslate (95),7,,,,
minekea:building/compressed/deepslate_bricks/2x,-137,63,147,deepslate,Deepslate (95),7,,,,
minekea:building/compressed/deepslate_bricks/3x,-136,63,147,deepslate,Deepslate (95),7,,,,
minekea:building/compressed/deepslate_bricks/4x,-138,64,146,deepslate,Deepslate (95),8,,,,
minekea:building/compressed/deepslate_bricks/5x,-137,64,146,deepslate,Deepslate (95),8,,,,
minekea:building/compressed/deepslate_bricks/6x,-136,64,146,deepslate,Deepslate (95),8,,,,
minekea:building/compressed/deepslate_bricks/7x,-138,65,145,deepslate,Deepslate (95),9,,,,
minekea:building/compressed/deepslate_bricks/8x,-137,65,145,deepslate,Deepslate (95),9,,,,
minekea:building/compressed/deepslate_bricks/9x,-136,65,145,deepslate,Deepslate (95),9,,,,
minekea:building/compressed/deepslate_tiles/1x,-134,63,147,deepslate,Deepslate (95),7,,,,
minekea:building/compressed/deepslate_tiles/2x,-133,63,147,deepslate,Deepslate (95),7,,,,
minekea:building/compressed/deepslate_tiles/3x,-132,63,147,deepslate,Deepslate (95),7,,,,
minekea:building/compressed/deepslate_tiles/4x,-134,64,146,deepslate,Deepslate (95),8,,,,
minekea:building/compressed/deepslate_tiles/5x,-133,64,146,deepslate,Deepslate (95),8,,,,
minekea:building/compressed/deepslate_tiles/6x,-132,64,146,deepslate,Deepslate (95),8,,,,
minekea:building/compressed/deepslate_tiles/7x,-134,65,145,deepslate,Deepslate (95),9,,,,
minekea:building/compressed/deepslate_tiles/8x,-133,65,145,deepslate,Deepslate (95),9,,,,
minekea:building/compressed/deepslate_tiles/9x,-132,65,145,deepslate,Deepslate (95),9,,,,
minekea:building/compressed/polished_deepslate/1x,-142,66,144,deepslate,Deepslate (95),10,,,,
minekea:building/compressed/polished_deepslate/2x,-141,66,144,deepslate,Deepslate (95),10,,,,
minekea:building/compressed/polished_deepslate/3x,-140,66,144,deepslate,Deepslate (95),10,,,,
minekea:building/compressed/polished_deepslate/4x,-142,67,143,deepslate,Deepslate (95),11,,,,
minekea:building/compressed/polished_deepslate/5x,-141,67,143,deepslate,Deepslate (95),11,,,,
minekea:building/compressed/polished_deepslate/6x,-140,67,143,deepslate,Deepslate (95),11,,,,
minekea:building/compressed/polished_deepslate/7x,-142,68,142,deepslate,Deepslate (95),12,,,,
minekea:building/compressed/polished_deepslate/8x,-141,68,142,deepslate,Deepslate (95),12,,,,
minekea:building/compressed/polished_deepslate/9x,-140,68,142,deepslate,Deepslate (95),12,,,,
minekea:building/beams/tuff,-126,56,154,tuff,Tuff (27),0,,,,
minekea:building/covers/tuff,-125,56,154,tuff,Tuff (27),0,facing=south,,,
minekea:building/slabs/vertical/polished_tuff,-126,57,153,tuff,Tuff (27),1,facing=east,,,
minekea:building/slabs/vertical/tuff,-125,57,153,tuff,Tuff (27),1,facing=east,,,
minekea:building/slabs/vertical/tuff_bricks,-124,57,153,tuff,Tuff (27),1,facing=east,,,
minekea:building/slabs/bookshelves/polished_tuff,-123,57,153,tuff,Tuff (27),1,,,,
minekea:building/slabs/bookshelves/tuff_brick,-122,57,153,tuff,Tuff (27),1,,,,
minekea:building/slabs/bookshelves/vertical/polished_tuff,-121,57,153,tuff,Tuff (27),1,facing=east,,,
minekea:building/slabs/bookshelves/vertical/tuff_brick,-120,57,153,tuff,Tuff (27),1,facing=east,,,
minekea:building/stairs/vertical/polished_tuff,-126,58,152,tuff,Tuff (27),2,facing=south,,,
minekea:building/stairs/vertical/tuff,-125,58,152,tuff,Tuff (27),2,facing=south,,,
minekea:building/stairs/vertical/tuff_bricks,-124,58,152,tuff,Tuff (27),2,facing=south,,,
minekea:building/stairs/bookshelves/polished_tuff,-123,58,152,tuff,Tuff (27),2,facing=north,,,
minekea:building/stairs/bookshelves/tuff_brick,-122,58,152,tuff,Tuff (27),2,facing=north,,,
minekea:building/stairs/bookshelves/vertical/polished_tuff,-121,58,152,tuff,Tuff (27),2,facing=south,,,
minekea:building/stairs/bookshelves/vertical/tuff_brick,-120,58,152,tuff,Tuff (27),2,facing=south,,,
minekea:furniture/bookshelves/polished_tuff,-126,59,151,tuff,Tuff (27),3,,,,
minekea:furniture/bookshelves/tuff_brick,-125,59,151,tuff,Tuff (27),3,,,,
minekea:building/compressed/tuff/1x,-126,60,150,tuff,Tuff (27),4,,,,
minekea:building/compressed/tuff/2x,-125,60,150,tuff,Tuff (27),4,,,,
minekea:building/compressed/tuff/3x,-124,60,150,tuff,Tuff (27),4,,,,
minekea:building/compressed/tuff/4x,-126,61,149,tuff,Tuff (27),5,,,,
minekea:building/compressed/tuff/5x,-125,61,149,tuff,Tuff (27),5,,,,
minekea:building/compressed/tuff/6x,-124,61,149,tuff,Tuff (27),5,,,,
minekea:building/compressed/tuff/7x,-126,62,148,tuff,Tuff (27),6,,,,
minekea:building/compressed/tuff/8x,-125,62,148,tuff,Tuff (27),6,,,,
minekea:building/compressed/tuff/9x,-124,62,148,tuff,Tuff (27),6,,,,
minekea:building/beams/blackstone,-117,56,154,blackstone,Blackstone (49),0,,,,
minekea:building/beams/polished_blackstone,-116,56,154,blackstone,Blackstone (49),0,,,,
minekea:building/beams/polished_blackstone_brick,-115,56,154,blackstone,Blackstone (49),0,,,,
minekea:building/covers/blackstone,-114,56,154,blackstone,Blackstone (49),0,facing=south,,,
minekea:building/covers/polished_blackstone,-113,56,154,blackstone,Blackstone (49),0,facing=south,,,
minekea:building/covers/polished_blackstone_brick,-112,56,154,blackstone,Blackstone (49),0,facing=south,,,
minekea:building/slabs/vertical/blackstone,-117,57,153,blackstone,Blackstone (49),1,facing=east,,,
minekea:building/slabs/vertical/polished_blackstone,-116,57,153,blackstone,Blackstone (49),1,facing=east,,,
minekea:building/slabs/vertical/polished_blackstone_bricks,-115,57,153,blackstone,Blackstone (49),1,facing=east,,,
minekea:building/slabs/bookshelves/polished_blackstone,-114,57,153,blackstone,Blackstone (49),1,,,,
minekea:building/slabs/bookshelves/polished_blackstone_brick,-113,57,153,blackstone,Blackstone (49),1,,,,
minekea:building/slabs/bookshelves/vertical/polished_blackstone,-112,57,153,blackstone,Blackstone (49),1,facing=east,,,
minekea:building/slabs/bookshelves/vertical/polished_blackstone_brick,-111,57,153,blackstone,Blackstone (49),1,facing=east,,,
minekea:building/stairs/vertical/blackstone,-117,58,152,blackstone,Blackstone (49),2,facing=south,,,
minekea:building/stairs/vertical/polished_blackstone,-116,58,152,blackstone,Blackstone (49),2,facing=south,,,
minekea:building/stairs/vertical/polished_blackstone_bricks,-115,58,152,blackstone,Blackstone (49),2,facing=south,,,
minekea:building/stairs/bookshelves/polished_blackstone,-114,58,152,blackstone,Blackstone (49),2,facing=north,,,
minekea:building/stairs/bookshelves/polished_blackstone_brick,-113,58,152,blackstone,Blackstone (49),2,facing=north,,,
minekea:building/stairs/bookshelves/vertical/polished_blackstone,-112,58,152,blackstone,Blackstone (49),2,facing=south,,,
minekea:building/stairs/bookshelves/vertical/polished_blackstone_brick,-111,58,152,blackstone,Blackstone (49),2,facing=south,,,
minekea:furniture/bookshelves/polished_blackstone,-117,59,151,blackstone,Blackstone (49),3,,,,
minekea:furniture/bookshelves/polished_blackstone_brick,-116,59,151,blackstone,Blackstone (49),3,,,,
minekea:building/compressed/blackstone/1x,-117,60,150,blackstone,Blackstone (49),4,,,,
minekea:building/compressed/blackstone/2x,-116,60,150,blackstone,Blackstone (49),4,,,,
minekea:building/compressed/blackstone/3x,-115,60,150,blackstone,Blackstone (49),4,,,,
minekea:building/compressed/blackstone/4x,-117,61,149,blackstone,Blackstone (49),5,,,,
minekea:building/compressed/blackstone/5x,-116,61,149,blackstone,Blackstone (49),5,,,,
minekea:building/compressed/blackstone/6x,-115,61,149,blackstone,Blackstone (49),5,,,,
minekea:building/compressed/blackstone/7x,-117,62,148,blackstone,Blackstone (49),6,,,,
minekea:building/compressed/blackstone/8x,-116,62,148,blackstone,Blackstone (49),6,,,,
minekea:building/compressed/blackstone/9x,-115,62,148,blackstone,Blackstone (49),6,,,,
minekea:building/compressed/polished_blackstone/1x,-113,60,150,blackstone,Blackstone (49),4,,,,
minekea:building/compressed/polished_blackstone/2x,-112,60,150,blackstone,Blackstone (49),4,,,,
minekea:building/compressed/polished_blackstone/3x,-111,60,150,blackstone,Blackstone (49),4,,,,
minekea:building/compressed/polished_blackstone/4x,-113,61,149,blackstone,Blackstone (49),5,,,,
minekea:building/compressed/polished_blackstone/5x,-112,61,149,blackstone,Blackstone (49),5,,,,
minekea:building/compressed/polished_blackstone/6x,-111,61,149,blackstone,Blackstone (49),5,,,,
minekea:building/compressed/polished_blackstone/7x,-113,62,148,blackstone,Blackstone (49),6,,,,
minekea:building/compressed/polished_blackstone/8x,-112,62,148,blackstone,Blackstone (49),6,,,,
minekea:building/compressed/polished_blackstone/9x,-111,62,148,blackstone,Blackstone (49),6,,,,
minekea:building/compressed/polished_blackstone_bricks/1x,-109,60,150,blackstone,Blackstone (49),4,,,,
minekea:building/compressed/polished_blackstone_bricks/2x,-108,60,150,blackstone,Blackstone (49),4,,,,
minekea:building/compressed/polished_blackstone_bricks/3x,-107,60,150,blackstone,Blackstone (49),4,,,,
minekea:building/compressed/polished_blackstone_bricks/4x,-109,61,149,blackstone,Blackstone (49),5,,,,
minekea:building/compressed/polished_blackstone_bricks/5x,-108,61,149,blackstone,Blackstone (49),5,,,,
minekea:building/compressed/polished_blackstone_bricks/6x,-107,61,149,blackstone,Blackstone (49),5,,,,
minekea:building/compressed/polished_blackstone_bricks/7x,-109,62,148,blackstone,Blackstone (49),6,,,,
minekea:building/compressed/polished_blackstone_bricks/8x,-108,62,148,blackstone,Blackstone (49),6,,,,
minekea:building/compressed/polished_blackstone_bricks/9x,-107,62,148,blackstone,Blackstone (49),6,,,,
minekea:building/beams/basalt,-104,56,154,basalt,Basalt (124),0,,,,
minekea:building/beams/basalt_brick,-103,56,154,basalt,Basalt (124),0,,,,
minekea:building/beams/cracked_basalt_brick,-102,56,154,basalt,Basalt (124),0,,,,
minekea:building/beams/crimson_basalt_brick,-101,56,154,basalt,Basalt (124),0,,,,
minekea:building/beams/mossy_basalt_brick,-100,56,154,basalt,Basalt (124),0,,,,
minekea:building/beams/polished_basalt,-99,56,154,basalt,Basalt (124),0,,,,
minekea:building/beams/smooth_basalt,-98,56,154,basalt,Basalt (124),0,,,,
minekea:building/beams/warped_basalt_brick,-97,56,154,basalt,Basalt (124),0,,,,
minekea:building/covers/basalt,-96,56,154,basalt,Basalt (124),0,facing=south,,,
minekea:building/covers/basalt_brick,-95,56,154,basalt,Basalt (124),0,facing=south,,,
minekea:building/covers/cracked_basalt_brick,-94,56,154,basalt,Basalt (124),0,facing=south,,,
minekea:building/covers/crimson_basalt_brick,-93,56,154,basalt,Basalt (124),0,facing=south,,,
minekea:building/covers/mossy_basalt_brick,-92,56,154,basalt,Basalt (124),0,facing=south,,,
minekea:building/covers/polished_basalt,-91,56,154,basalt,Basalt (124),0,facing=south,,,
minekea:building/covers/smooth_basalt,-90,56,154,basalt,Basalt (124),0,facing=south,,,
minekea:building/covers/warped_basalt_brick,-89,56,154,basalt,Basalt (124),0,facing=south,,,
minekea:building/general/basalt_bricks,-88,56,154,basalt,Basalt (124),0,,,,
minekea:building/general/chiseled_basalt_bricks,-87,56,154,basalt,Basalt (124),0,,,,
minekea:building/general/cracked_basalt_bricks,-86,56,154,basalt,Basalt (124),0,,,,
minekea:building/general/crimson_basalt_bricks,-85,56,154,basalt,Basalt (124),0,,,,
minekea:building/general/mossy_basalt_bricks,-84,56,154,basalt,Basalt (124),0,,,,
minekea:building/general/warped_basalt_bricks,-83,56,154,basalt,Basalt (124),0,,,,
minekea:building/slabs/basalt_bricks,-104,57,153,basalt,Basalt (124),1,,,,
minekea:building/slabs/cracked_basalt_bricks,-103,57,153,basalt,Basalt (124),1,,,,
minekea:building/slabs/crimson_basalt_bricks,-102,57,153,basalt,Basalt (124),1,,,,
minekea:building/slabs/mossy_basalt_bricks,-101,57,153,basalt,Basalt (124),1,,,,
minekea:building/slabs/warped_basalt_bricks,-100,57,153,basalt,Basalt (124),1,,,,
minekea:building/slabs/vertical/basalt_bricks,-99,57,153,basalt,Basalt (124),1,facing=east,,,
minekea:building/slabs/vertical/cracked_basalt_bricks,-98,57,153,basalt,Basalt (124),1,facing=east,,,
minekea:building/slabs/vertical/crimson_basalt_bricks,-97,57,153,basalt,Basalt (124),1,facing=east,,,
minekea:building/slabs/vertical/mossy_basalt_bricks,-96,57,153,basalt,Basalt (124),1,facing=east,,,
minekea:building/slabs/vertical/warped_basalt_bricks,-95,57,153,basalt,Basalt (124),1,facing=east,,,
minekea:building/slabs/bookshelves/polished_basalt,-94,57,153,basalt,Basalt (124),1,,,,
minekea:building/slabs/bookshelves/vertical/polished_basalt,-93,57,153,basalt,Basalt (124),1,facing=east,,,
minekea:building/stairs/basalt_bricks,-104,58,152,basalt,Basalt (124),2,facing=north,,,
minekea:building/stairs/cracked_basalt_bricks,-103,58,152,basalt,Basalt (124),2,facing=north,,,
minekea:building/stairs/crimson_basalt_bricks,-102,58,152,basalt,Basalt (124),2,facing=north,,,
minekea:building/stairs/mossy_basalt_bricks,-101,58,152,basalt,Basalt (124),2,facing=north,,,
minekea:building/stairs/warped_basalt_bricks,-100,58,152,basalt,Basalt (124),2,facing=north,,,
minekea:building/stairs/vertical/basalt_bricks,-99,58,152,basalt,Basalt (124),2,facing=south,,,
minekea:building/stairs/vertical/cracked_basalt_bricks,-98,58,152,basalt,Basalt (124),2,facing=south,,,
minekea:building/stairs/vertical/crimson_basalt_bricks,-97,58,152,basalt,Basalt (124),2,facing=south,,,
minekea:building/stairs/vertical/mossy_basalt_bricks,-96,58,152,basalt,Basalt (124),2,facing=south,,,
minekea:building/stairs/vertical/warped_basalt_bricks,-95,58,152,basalt,Basalt (124),2,facing=south,,,
minekea:building/stairs/bookshelves/polished_basalt,-94,58,152,basalt,Basalt (124),2,facing=north,,,
minekea:building/stairs/bookshelves/vertical/polished_basalt,-93,58,152,basalt,Basalt (124),2,facing=south,,,
minekea:building/walls/basalt_bricks,-104,59,151,basalt,Basalt (124),3,,,,
minekea:building/walls/cracked_basalt_bricks,-103,59,151,basalt,Basalt (124),3,,,,
minekea:building/walls/crimson_basalt_bricks,-102,59,151,basalt,Basalt (124),3,,,,
minekea:building/walls/mossy_basalt_bricks,-101,59,151,basalt,Basalt (124),3,,,,
minekea:building/walls/warped_basalt_bricks,-100,59,151,basalt,Basalt (124),3,,,,
minekea:furniture/bookshelves/polished_basalt,-99,59,151,basalt,Basalt (124),3,,,,
minekea:building/compressed/basalt/1x,-104,60,150,basalt,Basalt (124),4,,,,
minekea:building/compressed/basalt/2x,-103,60,150,basalt,Basalt (124),4,,,,
minekea:building/compressed/basalt/3x,-102,60,150,basalt,Basalt (124),4,,,,
minekea:building/compressed/basalt/4x,-104,61,149,basalt,Basalt (124),5,,,,
minekea:building/compressed/basalt/5x,-103,61,149,basalt,Basalt (124),5,,,,
minekea:building/compressed/basalt/6x,-102,61,149,basalt,Basalt (124),5,,,,
minekea:building/compressed/basalt/7x,-104,62,148,basalt,Basalt (124),6,,,,
minekea:building/compressed/basalt/8x,-103,62,148,basalt,Basalt (124),6,,,,
minekea:building/compressed/basalt/9x,-102,62,148,basalt,Basalt (124),6,,,,
minekea:building/compressed/basalt_brick/1x,-100,60,150,basalt,Basalt (124),4,,,,
minekea:building/compressed/basalt_brick/2x,-99,60,150,basalt,Basalt (124),4,,,,
minekea:building/compressed/basalt_brick/3x,-98,60,150,basalt,Basalt (124),4,,,,
minekea:building/compressed/basalt_brick/4x,-100,61,149,basalt,Basalt (124),5,,,,
minekea:building/compressed/basalt_brick/5x,-99,61,149,basalt,Basalt (124),5,,,,
minekea:building/compressed/basalt_brick/6x,-98,61,149,basalt,Basalt (124),5,,,,
minekea:building/compressed/basalt_brick/7x,-100,62,148,basalt,Basalt (124),6,,,,
minekea:building/compressed/basalt_brick/8x,-99,62,148,basalt,Basalt (124),6,,,,
minekea:building/compressed/basalt_brick/9x,-98,62,148,basalt,Basalt (124),6,,,,
minekea:building/compressed/cracked_basalt_brick/1x,-96,60,150,basalt,Basalt (124),4,,,,
minekea:building/compressed/cracked_basalt_brick/2x,-95,60,150,basalt,Basalt (124),4,,,,
minekea:building/compressed/cracked_basalt_brick/3x,-94,60,150,basalt,Basalt (124),4,,,,
minekea:building/compressed/cracked_basalt_brick/4x,-96,61,149,basalt,Basalt (124),5,,,,
minekea:building/compressed/cracked_basalt_brick/5x,-95,61,149,basalt,Basalt (124),5,,,,
minekea:building/compressed/cracked_basalt_brick/6x,-94,61,149,basalt,Basalt (124),5,,,,
minekea:building/compressed/cracked_basalt_brick/7x,-96,62,148,basalt,Basalt (124),6,,,,
minekea:building/compressed/cracked_basalt_brick/8x,-95,62,148,basalt,Basalt (124),6,,,,
minekea:building/compressed/cracked_basalt_brick/9x,-94,62,148,basalt,Basalt (124),6,,,,
minekea:building/compressed/crimson_basalt_brick/1x,-104,63,147,basalt,Basalt (124),7,,,,
minekea:building/compressed/crimson_basalt_brick/2x,-103,63,147,basalt,Basalt (124),7,,,,
minekea:building/compressed/crimson_basalt_brick/3x,-102,63,147,basalt,Basalt (124),7,,,,
minekea:building/compressed/crimson_basalt_brick/4x,-104,64,146,basalt,Basalt (124),8,,,,
minekea:building/compressed/crimson_basalt_brick/5x,-103,64,146,basalt,Basalt (124),8,,,,
minekea:building/compressed/crimson_basalt_brick/6x,-102,64,146,basalt,Basalt (124),8,,,,
minekea:building/compressed/crimson_basalt_brick/7x,-104,65,145,basalt,Basalt (124),9,,,,
minekea:building/compressed/crimson_basalt_brick/8x,-103,65,145,basalt,Basalt (124),9,,,,
minekea:building/compressed/crimson_basalt_brick/9x,-102,65,145,basalt,Basalt (124),9,,,,
minekea:building/compressed/mossy_basalt_brick/1x,-100,63,147,basalt,Basalt (124),7,,,,
minekea:building/compressed/mossy_basalt_brick/2x,-99,63,147,basalt,Basalt (124),7,,,,
minekea:building/compressed/mossy_basalt_brick/3x,-98,63,147,basalt,Basalt (124),7,,,,
minekea:building/compressed/mossy_basalt_brick/4x,-100,64,146,basalt,Basalt (124),8,,,,
minekea:building/compressed/mossy_basalt_brick/5x,-99,64,146,basalt,Basalt (124),8,,,,
minekea:building/compressed/mossy_basalt_brick/6x,-98,64,146,basalt,Basalt (124),8,,,,
minekea:building/compressed/mossy_basalt_brick/7x,-100,65,145,basalt,Basalt (124),9,,,,
minekea:building/compressed/mossy_basalt_brick/8x,-99,65,145,basalt,Basalt (124),9,,,,
minekea:building/compressed/mossy_basalt_brick/9x,-98,65,145,basalt,Basalt (124),9,,,,
minekea:building/compressed/polished_basalt/1x,-96,63,147,basalt,Basalt (124),7,,,,
minekea:building/compressed/polished_basalt/2x,-95,63,147,basalt,Basalt (124),7,,,,
minekea:building/compressed/polished_basalt/3x,-94,63,147,basalt,Basalt (124),7,,,,
minekea:building/compressed/polished_basalt/4x,-96,64,146,basalt,Basalt (124),8,,,,
minekea:building/compressed/polished_basalt/5x,-95,64,146,basalt,Basalt (124),8,,,,
minekea:building/compressed/polished_basalt/6x,-94,64,146,basalt,Basalt (124),8,,,,
minekea:building/compressed/polished_basalt/7x,-96,65,145,basalt,Basalt (124),9,,,,
minekea:building/compressed/polished_basalt/8x,-95,65,145,basalt,Basalt (124),9,,,,
minekea:building/compressed/polished_basalt/9x,-94,65,145,basalt,Basalt (124),9,,,,
minekea:building/compressed/smooth_basalt/1x,-104,66,144,basalt,Basalt (124),10,,,,
minekea:building/compressed/smooth_basalt/2x,-103,66,144,basalt,Basalt (124),10,,,,
minekea:building/compressed/smooth_basalt/3x,-102,66,144,basalt,Basalt (124),10,,,,
minekea:building/compressed/smooth_basalt/4x,-104,67,143,basalt,Basalt (124),11,,,,
minekea:building/compressed/smooth_basalt/5x,-103,67,143,basalt,Basalt (124),11,,,,
minekea:building/compressed/smooth_basalt/6x,-102,67,143,basalt,Basalt (124),11,,,,
minekea:building/compressed/smooth_basalt/7x,-104,68,142,basalt,Basalt (124),12,,,,
minekea:building/compressed/smooth_basalt/8x,-103,68,142,basalt,Basalt (124),12,,,,
minekea:building/compressed/smooth_basalt/9x,-102,68,142,basalt,Basalt (124),12,,,,
minekea:building/compressed/warped_basalt_brick/1x,-100,66,144,basalt,Basalt (124),10,,,,
minekea:building/compressed/warped_basalt_brick/2x,-99,66,144,basalt,Basalt (124),10,,,,
minekea:building/compressed/warped_basalt_brick/3x,-98,66,144,basalt,Basalt (124),10,,,,
minekea:building/compressed/warped_basalt_brick/4x,-100,67,143,basalt,Basalt (124),11,,,,
minekea:building/compressed/warped_basalt_brick/5x,-99,67,143,basalt,Basalt (124),11,,,,
minekea:building/compressed/warped_basalt_brick/6x,-98,67,143,basalt,Basalt (124),11,,,,
minekea:building/compressed/warped_basalt_brick/7x,-100,68,142,basalt,Basalt (124),12,,,,
minekea:building/compressed/warped_basalt_brick/8x,-99,68,142,basalt,Basalt (124),12,,,,
minekea:building/compressed/warped_basalt_brick/9x,-98,68,142,basalt,Basalt (124),12,,,,
minekea:building/beams/cut_sandstone,-80,56,154,sandstone,Sandstone (38),0,,,,
minekea:building/beams/sandstone,-79,56,154,sandstone,Sandstone (38),0,,,,
minekea:building/beams/smooth_sandstone,-78,56,154,sandstone,Sandstone (38),0,,,,
minekea:building/covers/cut_sandstone,-77,56,154,sandstone,Sandstone (38),0,facing=south,,,
minekea:building/covers/sandstone,-76,56,154,sandstone,Sandstone (38),0,facing=south,,,
minekea:building/covers/smooth_sandstone,-75,56,154,sandstone,Sandstone (38),0,facing=south,,,
minekea:building/slabs/vertical/cut_sandstone,-80,57,153,sandstone,Sandstone (38),1,facing=east,,,
minekea:building/slabs/vertical/sandstone,-79,57,153,sandstone,Sandstone (38),1,facing=east,,,
minekea:building/slabs/vertical/smooth_sandstone,-78,57,153,sandstone,Sandstone (38),1,facing=east,,,
minekea:building/stairs/vertical/sandstone,-80,58,152,sandstone,Sandstone (38),2,facing=south,,,
minekea:building/stairs/vertical/sandstone_top,-79,58,152,sandstone,Sandstone (38),2,facing=south,,,
minekea:building/compressed/cut_sandstone/1x,-80,60,150,sandstone,Sandstone (38),4,,,,
minekea:building/compressed/cut_sandstone/2x,-79,60,150,sandstone,Sandstone (38),4,,,,
minekea:building/compressed/cut_sandstone/3x,-78,60,150,sandstone,Sandstone (38),4,,,,
minekea:building/compressed/cut_sandstone/4x,-80,61,149,sandstone,Sandstone (38),5,,,,
minekea:building/compressed/cut_sandstone/5x,-79,61,149,sandstone,Sandstone (38),5,,,,
minekea:building/compressed/cut_sandstone/6x,-78,61,149,sandstone,Sandstone (38),5,,,,
minekea:building/compressed/cut_sandstone/7x,-80,62,148,sandstone,Sandstone (38),6,,,,
minekea:building/compressed/cut_sandstone/8x,-79,62,148,sandstone,Sandstone (38),6,,,,
minekea:building/compressed/cut_sandstone/9x,-78,62,148,sandstone,Sandstone (38),6,,,,
minekea:building/compressed/sandstone/1x,-76,60,150,sandstone,Sandstone (38),4,,,,
minekea:building/compressed/sandstone/2x,-75,60,150,sandstone,Sandstone (38),4,,,,
minekea:building/compressed/sandstone/3x,-74,60,150,sandstone,Sandstone (38),4,,,,
minekea:building/compressed/sandstone/4x,-76,61,149,sandstone,Sandstone (38),5,,,,
minekea:building/compressed/sandstone/5x,-75,61,149,sandstone,Sandstone (38),5,,,,
minekea:building/compressed/sandstone/6x,-74,61,149,sandstone,Sandstone (38),5,,,,
minekea:building/compressed/sandstone/7x,-76,62,148,sandstone,Sandstone (38),6,,,,
minekea:building/compressed/sandstone/8x,-75,62,148,sandstone,Sandstone (38),6,,,,
minekea:building/compressed/sandstone/9x,-74,62,148,sandstone,Sandstone (38),6,,,,
minekea:building/compressed/sandstone_top/1x,-72,60,150,sandstone,Sandstone (38),4,,,,
minekea:building/compressed/sandstone_top/2x,-71,60,150,sandstone,Sandstone (38),4,,,,
minekea:building/compressed/sandstone_top/3x,-70,60,150,sandstone,Sandstone (38),4,,,,
minekea:building/compressed/sandstone_top/4x,-72,61,149,sandstone,Sandstone (38),5,,,,
minekea:building/compressed/sandstone_top/5x,-71,61,149,sandstone,Sandstone (38),5,,,,
minekea:building/compressed/sandstone_top/6x,-70,61,149,sandstone,Sandstone (38),5,,,,
minekea:building/compressed/sandstone_top/7x,-72,62,148,sandstone,Sandstone (38),6,,,,
minekea:building/compressed/sandstone_top/8x,-71,62,148,sandstone,Sandstone (38),6,,,,
minekea:building/compressed/sandstone_top/9x,-70,62,148,sandstone,Sandstone (38),6,,,,
minekea:building/beams/cut_red_sandstone,-191,56,137,red_sandstone,Red Sandstone (38),0,,,,
minekea:building/beams/red_sandstone,-190,56,137,red_sandstone,Red Sandstone (38),0,,,,
minekea:building/beams/smooth_red_sandstone,-189,56,137,red_sandstone,Red Sandstone (38),0,,,,
minekea:building/covers/cut_red_sandstone,-188,56,137,red_sandstone,Red Sandstone (38),0,facing=south,,,
minekea:building/covers/red_sandstone,-187,56,137,red_sandstone,Red Sandstone (38),0,facing=south,,,
minekea:building/covers/smooth_red_sandstone,-186,56,137,red_sandstone,Red Sandstone (38),0,facing=south,,,
minekea:building/slabs/vertical/cut_red_sandstone,-191,57,136,red_sandstone,Red Sandstone (38),1,facing=east,,,
minekea:building/slabs/vertical/red_sandstone,-190,57,136,red_sandstone,Red Sandstone (38),1,facing=east,,,
minekea:building/slabs/vertical/smooth_red_sandstone,-189,57,136,red_sandstone,Red Sandstone (38),1,facing=east,,,
minekea:building/stairs/vertical/red_sandstone,-191,58,135,red_sandstone,Red Sandstone (38),2,facing=south,,,
minekea:building/stairs/vertical/red_sandstone_top,-190,58,135,red_sandstone,Red Sandstone (38),2,facing=south,,,
minekea:building/compressed/cut_red_sandstone/1x,-191,60,133,red_sandstone,Red Sandstone (38),4,,,,
minekea:building/compressed/cut_red_sandstone/2x,-190,60,133,red_sandstone,Red Sandstone (38),4,,,,
minekea:building/compressed/cut_red_sandstone/3x,-189,60,133,red_sandstone,Red Sandstone (38),4,,,,
minekea:building/compressed/cut_red_sandstone/4x,-191,61,132,red_sandstone,Red Sandstone (38),5,,,,
minekea:building/compressed/cut_red_sandstone/5x,-190,61,132,red_sandstone,Red Sandstone (38),5,,,,
minekea:building/compressed/cut_red_sandstone/6x,-189,61,132,red_sandstone,Red Sandstone (38),5,,,,
minekea:building/compressed/cut_red_sandstone/7x,-191,62,131,red_sandstone,Red Sandstone (38),6,,,,
minekea:building/compressed/cut_red_sandstone/8x,-190,62,131,red_sandstone,Red Sandstone (38),6,,,,
minekea:building/compressed/cut_red_sandstone/9x,-189,62,131,red_sandstone,Red Sandstone (38),6,,,,
minekea:building/compressed/red_sandstone/1x,-187,60,133,red_sandstone,Red Sandstone (38),4,,,,
minekea:building/compressed/red_sandstone/2x,-186,60,133,red_sandstone,Red Sandstone (38),4,,,,
minekea:building/compressed/red_sandstone/3x,-185,60,133,red_sandstone,Red Sandstone (38),4,,,,
minekea:building/compressed/red_sandstone/4x,-187,61,132,red_sandstone,Red Sandstone (38),5,,,,
minekea:building/compressed/red_sandstone/5x,-186,61,132,red_sandstone,Red Sandstone (38),5,,,,
minekea:building/compressed/red_sandstone/6x,-185,61,132,red_sandstone,Red Sandstone (38),5,,,,
minekea:building/compressed/red_sandstone/7x,-187,62,131,red_sandstone,Red Sandstone (38),6,,,,
minekea:building/compressed/red_sandstone/8x,-186,62,131,red_sandstone,Red Sandstone (38),6,,,,
minekea:building/compressed/red_sandstone/9x,-185,62,131,red_sandstone,Red Sandstone (38),6,,,,
minekea:building/compressed/red_sandstone_top/1x,-183,60,133,red_sandstone,Red Sandstone (38),4,,,,
minekea:building/compressed/red_sandstone_top/2x,-182,60,133,red_sandstone,Red Sandstone (38),4,,,,
minekea:building/compressed/red_sandstone_top/3x,-181,60,133,red_sandstone,Red Sandstone (38),4,,,,
minekea:building/compressed/red_sandstone_top/4x,-183,61,132,red_sandstone,Red Sandstone (38),5,,,,
minekea:building/compressed/red_sandstone_top/5x,-182,61,132,red_sandstone,Red Sandstone (38),5,,,,
minekea:building/compressed/red_sandstone_top/6x,-181,61,132,red_sandstone,Red Sandstone (38),5,,,,
minekea:building/compressed/red_sandstone_top/7x,-183,62,131,red_sandstone,Red Sandstone (38),6,,,,
minekea:building/compressed/red_sandstone_top/8x,-182,62,131,red_sandstone,Red Sandstone (38),6,,,,
minekea:building/compressed/red_sandstone_top/9x,-181,62,131,red_sandstone,Red Sandstone (38),6,,,,
minekea:building/beams/dark_prismarine,-178,56,137,prismarine,Prismarine (54),0,,,,
minekea:building/beams/prismarine,-177,56,137,prismarine,Prismarine (54),0,,,,
minekea:building/beams/prismarine_brick,-176,56,137,prismarine,Prismarine (54),0,,,,
minekea:building/covers/dark_prismarine,-175,56,137,prismarine,Prismarine (54),0,facing=south,,,
minekea:building/covers/prismarine,-174,56,137,prismarine,Prismarine (54),0,facing=south,,,
minekea:building/covers/prismarine_brick,-173,56,137,prismarine,Prismarine (54),0,facing=south,,,
minekea:building/slabs/vertical/dark_prismarine,-178,57,136,prismarine,Prismarine (54),1,facing=east,,,
minekea:building/slabs/vertical/prismarine,-177,57,136,prismarine,Prismarine (54),1,facing=east,,,
minekea:building/slabs/vertical/prismarine_bricks,-176,57,136,prismarine,Prismarine (54),1,facing=east,,,
minekea:building/slabs/bookshelves/dark_prismarine,-175,57,136,prismarine,Prismarine (54),1,,,,
minekea:building/slabs/bookshelves/prismarine,-174,57,136,prismarine,Prismarine (54),1,,,,
minekea:building/slabs/bookshelves/prismarine_brick,-173,57,136,prismarine,Prismarine (54),1,,,,
minekea:building/slabs/bookshelves/vertical/dark_prismarine,-172,57,136,prismarine,Prismarine (54),1,facing=east,,,
minekea:building/slabs/bookshelves/vertical/prismarine,-171,57,136,prismarine,Prismarine (54),1,facing=east,,,
minekea:building/slabs/bookshelves/vertical/prismarine_brick,-170,57,136,prismarine,Prismarine (54),1,facing=east,,,
minekea:building/stairs/vertical/dark_prismarine,-178,58,135,prismarine,Prismarine (54),2,facing=south,,,
minekea:building/stairs/vertical/prismarine,-177,58,135,prismarine,Prismarine (54),2,facing=south,,,
minekea:building/stairs/vertical/prismarine_bricks,-176,58,135,prismarine,Prismarine (54),2,facing=south,,,
minekea:building/stairs/bookshelves/dark_prismarine,-175,58,135,prismarine,Prismarine (54),2,facing=north,,,
minekea:building/stairs/bookshelves/prismarine,-174,58,135,prismarine,Prismarine (54),2,facing=north,,,
minekea:building/stairs/bookshelves/prismarine_brick,-173,58,135,prismarine,Prismarine (54),2,facing=north,,,
minekea:building/stairs/bookshelves/vertical/dark_prismarine,-172,58,135,prismarine,Prismarine (54),2,facing=south,,,
minekea:building/stairs/bookshelves/vertical/prismarine,-171,58,135,prismarine,Prismarine (54),2,facing=south,,,
minekea:building/stairs/bookshelves/vertical/prismarine_brick,-170,58,135,prismarine,Prismarine (54),2,facing=south,,,
minekea:furniture/bookshelves/dark_prismarine,-178,59,134,prismarine,Prismarine (54),3,,,,
minekea:furniture/bookshelves/prismarine,-177,59,134,prismarine,Prismarine (54),3,,,,
minekea:furniture/bookshelves/prismarine_brick,-176,59,134,prismarine,Prismarine (54),3,,,,
minekea:building/compressed/dark_prismarine/1x,-178,60,133,prismarine,Prismarine (54),4,,,,
minekea:building/compressed/dark_prismarine/2x,-177,60,133,prismarine,Prismarine (54),4,,,,
minekea:building/compressed/dark_prismarine/3x,-176,60,133,prismarine,Prismarine (54),4,,,,
minekea:building/compressed/dark_prismarine/4x,-178,61,132,prismarine,Prismarine (54),5,,,,
minekea:building/compressed/dark_prismarine/5x,-177,61,132,prismarine,Prismarine (54),5,,,,
minekea:building/compressed/dark_prismarine/6x,-176,61,132,prismarine,Prismarine (54),5,,,,
minekea:building/compressed/dark_prismarine/7x,-178,62,131,prismarine,Prismarine (54),6,,,,
minekea:building/compressed/dark_prismarine/8x,-177,62,131,prismarine,Prismarine (54),6,,,,
minekea:building/compressed/dark_prismarine/9x,-176,62,131,prismarine,Prismarine (54),6,,,,
minekea:building/compressed/prismarine/1x,-174,60,133,prismarine,Prismarine (54),4,,,,
minekea:building/compressed/prismarine/2x,-173,60,133,prismarine,Prismarine (54),4,,,,
minekea:building/compressed/prismarine/3x,-172,60,133,prismarine,Prismarine (54),4,,,,
minekea:building/compressed/prismarine/4x,-174,61,132,prismarine,Prismarine (54),5,,,,
minekea:building/compressed/prismarine/5x,-173,61,132,prismarine,Prismarine (54),5,,,,
minekea:building/compressed/prismarine/6x,-172,61,132,prismarine,Prismarine (54),5,,,,
minekea:building/compressed/prismarine/7x,-174,62,131,prismarine,Prismarine (54),6,,,,
minekea:building/compressed/prismarine/8x,-173,62,131,prismarine,Prismarine (54),6,,,,
minekea:building/compressed/prismarine/9x,-172,62,131,prismarine,Prismarine (54),6,,,,
minekea:building/compressed/prismarine_bricks/1x,-170,60,133,prismarine,Prismarine (54),4,,,,
minekea:building/compressed/prismarine_bricks/2x,-169,60,133,prismarine,Prismarine (54),4,,,,
minekea:building/compressed/prismarine_bricks/3x,-168,60,133,prismarine,Prismarine (54),4,,,,
minekea:building/compressed/prismarine_bricks/4x,-170,61,132,prismarine,Prismarine (54),5,,,,
minekea:building/compressed/prismarine_bricks/5x,-169,61,132,prismarine,Prismarine (54),5,,,,
minekea:building/compressed/prismarine_bricks/6x,-168,61,132,prismarine,Prismarine (54),5,,,,
minekea:building/compressed/prismarine_bricks/7x,-170,62,131,prismarine,Prismarine (54),6,,,,
minekea:building/compressed/prismarine_bricks/8x,-169,62,131,prismarine,Prismarine (54),6,,,,
minekea:building/compressed/prismarine_bricks/9x,-168,62,131,prismarine,Prismarine (54),6,,,,
minekea:building/beams/quartz,-165,56,137,quartz,Quartz (47),0,,,,
minekea:building/beams/quartz_brick,-164,56,137,quartz,Quartz (47),0,,,,
minekea:building/beams/smooth_quartz,-163,56,137,quartz,Quartz (47),0,,,,
minekea:building/covers/quartz,-162,56,137,quartz,Quartz (47),0,facing=south,,,
minekea:building/covers/quartz_brick,-161,56,137,quartz,Quartz (47),0,facing=south,,,
minekea:building/covers/smooth_quartz,-160,56,137,quartz,Quartz (47),0,facing=south,,,
minekea:building/slabs/vertical/quartz_block,-165,57,136,quartz,Quartz (47),1,facing=east,,,
minekea:building/slabs/vertical/smooth_quartz,-164,57,136,quartz,Quartz (47),1,facing=east,,,
minekea:building/slabs/bookshelves/quartz_brick,-163,57,136,quartz,Quartz (47),1,,,,
minekea:building/slabs/bookshelves/smooth_quartz,-162,57,136,quartz,Quartz (47),1,,,,
minekea:building/slabs/bookshelves/vertical/quartz_brick,-161,57,136,quartz,Quartz (47),1,facing=east,,,
minekea:building/slabs/bookshelves/vertical/smooth_quartz,-160,57,136,quartz,Quartz (47),1,facing=east,,,
minekea:building/stairs/vertical/quartz_block,-165,58,135,quartz,Quartz (47),2,facing=south,,,
minekea:building/stairs/vertical/quartz_block_bottom,-164,58,135,quartz,Quartz (47),2,facing=south,,,
minekea:building/stairs/bookshelves/quartz_brick,-163,58,135,quartz,Quartz (47),2,facing=north,,,
minekea:building/stairs/bookshelves/smooth_quartz,-162,58,135,quartz,Quartz (47),2,facing=north,,,
minekea:building/stairs/bookshelves/vertical/quartz_brick,-161,58,135,quartz,Quartz (47),2,facing=south,,,
minekea:building/stairs/bookshelves/vertical/smooth_quartz,-160,58,135,quartz,Quartz (47),2,facing=south,,,
minekea:furniture/bookshelves/quartz_brick,-165,59,134,quartz,Quartz (47),3,,,,
minekea:furniture/bookshelves/smooth_quartz,-164,59,134,quartz,Quartz (47),3,,,,
minekea:building/compressed/quartz_block/1x,-165,60,133,quartz,Quartz (47),4,,,,
minekea:building/compressed/quartz_block/2x,-164,60,133,quartz,Quartz (47),4,,,,
minekea:building/compressed/quartz_block/3x,-163,60,133,quartz,Quartz (47),4,,,,
minekea:building/compressed/quartz_block/4x,-165,61,132,quartz,Quartz (47),5,,,,
minekea:building/compressed/quartz_block/5x,-164,61,132,quartz,Quartz (47),5,,,,
minekea:building/compressed/quartz_block/6x,-163,61,132,quartz,Quartz (47),5,,,,
minekea:building/compressed/quartz_block/7x,-165,62,131,quartz,Quartz (47),6,,,,
minekea:building/compressed/quartz_block/8x,-164,62,131,quartz,Quartz (47),6,,,,
minekea:building/compressed/quartz_block/9x,-163,62,131,quartz,Quartz (47),6,,,,
minekea:building/compressed/quartz_block_bottom/1x,-161,60,133,quartz,Quartz (47),4,,,,
minekea:building/compressed/quartz_block_bottom/2x,-160,60,133,quartz,Quartz (47),4,,,,
minekea:building/compressed/quartz_block_bottom/3x,-159,60,133,quartz,Quartz (47),4,,,,
minekea:building/compressed/quartz_block_bottom/4x,-161,61,132,quartz,Quartz (47),5,,,,
minekea:building/compressed/quartz_block_bottom/5x,-160,61,132,quartz,Quartz (47),5,,,,
minekea:building/compressed/quartz_block_bottom/6x,-159,61,132,quartz,Quartz (47),5,,,,
minekea:building/compressed/quartz_block_bottom/7x,-161,62,131,quartz,Quartz (47),6,,,,
minekea:building/compressed/quartz_block_bottom/8x,-160,62,131,quartz,Quartz (47),6,,,,
minekea:building/compressed/quartz_block_bottom/9x,-159,62,131,quartz,Quartz (47),6,,,,
minekea:building/compressed/quartz_bricks/1x,-157,60,133,quartz,Quartz (47),4,,,,
minekea:building/compressed/quartz_bricks/2x,-156,60,133,quartz,Quartz (47),4,,,,
minekea:building/compressed/quartz_bricks/3x,-155,60,133,quartz,Quartz (47),4,,,,
minekea:building/compressed/quartz_bricks/4x,-157,61,132,quartz,Quartz (47),5,,,,
minekea:building/compressed/quartz_bricks/5x,-156,61,132,quartz,Quartz (47),5,,,,
minekea:building/compressed/quartz_bricks/6x,-155,61,132,quartz,Quartz (47),5,,,,
minekea:building/compressed/quartz_bricks/7x,-157,62,131,quartz,Quartz (47),6,,,,
minekea:building/compressed/quartz_bricks/8x,-156,62,131,quartz,Quartz (47),6,,,,
minekea:building/compressed/quartz_bricks/9x,-155,62,131,quartz,Quartz (47),6,,,,
minekea:building/beams/purpur,-152,56,137,purpur,Purpur (29),0,,,,
minekea:building/beams/purpur_pillar,-151,56,137,purpur,Purpur (29),0,,,,
minekea:building/covers/purpur,-150,56,137,purpur,Purpur (29),0,facing=south,,,
minekea:building/covers/purpur_pillar,-149,56,137,purpur,Purpur (29),0,facing=south,,,
minekea:building/slabs/vertical/purpur_block,-152,57,136,purpur,Purpur (29),1,facing=east,,,
minekea:building/slabs/bookshelves/purpur,-151,57,136,purpur,Purpur (29),1,,,,
minekea:building/slabs/bookshelves/vertical/purpur,-150,57,136,purpur,Purpur (29),1,facing=east,,,
minekea:building/stairs/vertical/purpur_block,-152,58,135,purpur,Purpur (29),2,facing=south,,,
minekea:building/stairs/bookshelves/purpur,-151,58,135,purpur,Purpur (29),2,facing=north,,,
minekea:building/stairs/bookshelves/vertical/purpur,-150,58,135,purpur,Purpur (29),2,facing=south,,,
minekea:furniture/bookshelves/purpur,-152,59,134,purpur,Purpur (29),3,,,,
minekea:building/compressed/purpur_block/1x,-152,60,133,purpur,Purpur (29),4,,,,
minekea:building/compressed/purpur_block/2x,-151,60,133,purpur,Purpur (29),4,,,,
minekea:building/compressed/purpur_block/3x,-150,60,133,purpur,Purpur (29),4,,,,
minekea:building/compressed/purpur_block/4x,-152,61,132,purpur,Purpur (29),5,,,,
minekea:building/compressed/purpur_block/5x,-151,61,132,purpur,Purpur (29),5,,,,
minekea:building/compressed/purpur_block/6x,-150,61,132,purpur,Purpur (29),5,,,,
minekea:building/compressed/purpur_block/7x,-152,62,131,purpur,Purpur (29),6,,,,
minekea:building/compressed/purpur_block/8x,-151,62,131,purpur,Purpur (29),6,,,,
minekea:building/compressed/purpur_block/9x,-150,62,131,purpur,Purpur (29),6,,,,
minekea:building/compressed/purpur_pillar/1x,-148,60,133,purpur,Purpur (29),4,,,,
minekea:building/compressed/purpur_pillar/2x,-147,60,133,purpur,Purpur (29),4,,,,
minekea:building/compressed/purpur_pillar/3x,-146,60,133,purpur,Purpur (29),4,,,,
minekea:building/compressed/purpur_pillar/4x,-148,61,132,purpur,Purpur (29),5,,,,
minekea:building/compressed/purpur_pillar/5x,-147,61,132,purpur,Purpur (29),5,,,,
minekea:building/compressed/purpur_pillar/6x,-146,61,132,purpur,Purpur (29),5,,,,
minekea:building/compressed/purpur_pillar/7x,-148,62,131,purpur,Purpur (29),6,,,,
minekea:building/compressed/purpur_pillar/8x,-147,62,131,purpur,Purpur (29),6,,,,
minekea:building/compressed/purpur_pillar/9x,-146,62,131,purpur,Purpur (29),6,,,,
minekea:building/beams/nether_brick,-143,56,137,nether_brick,Nether Brick (58),0,,,,
minekea:building/beams/red_nether_brick,-142,56,137,nether_brick,Nether Brick (58),0,,,,
minekea:building/beams/warped_nether_brick,-141,56,137,nether_brick,Nether Brick (58),0,,,,
minekea:building/covers/nether_brick,-140,56,137,nether_brick,Nether Brick (58),0,facing=south,,,
minekea:building/covers/red_nether_brick,-139,56,137,nether_brick,Nether Brick (58),0,facing=south,,,
minekea:building/covers/warped_nether_brick,-138,56,137,nether_brick,Nether Brick (58),0,facing=south,,,
minekea:building/general/warped_nether_bricks,-137,56,137,nether_brick,Nether Brick (58),0,,,,
minekea:building/slabs/warped_nether_bricks,-143,57,136,nether_brick,Nether Brick (58),1,,,,
minekea:building/slabs/vertical/nether_bricks,-142,57,136,nether_brick,Nether Brick (58),1,facing=east,,,
minekea:building/slabs/vertical/red_nether_bricks,-141,57,136,nether_brick,Nether Brick (58),1,facing=east,,,
minekea:building/slabs/vertical/warped_nether_bricks,-140,57,136,nether_brick,Nether Brick (58),1,facing=east,,,
minekea:building/slabs/bookshelves/nether_brick,-139,57,136,nether_brick,Nether Brick (58),1,,,,
minekea:building/slabs/bookshelves/red_nether_brick,-138,57,136,nether_brick,Nether Brick (58),1,,,,
minekea:building/slabs/bookshelves/warped_nether_brick,-137,57,136,nether_brick,Nether Brick (58),1,,,,
minekea:building/slabs/bookshelves/vertical/nether_brick,-136,57,136,nether_brick,Nether Brick (58),1,facing=east,,,
minekea:building/slabs/bookshelves/vertical/red_nether_brick,-135,57,136,nether_brick,Nether Brick (58),1,facing=east,,,
minekea:building/slabs/bookshelves/vertical/warped_nether_brick,-134,57,136,nether_brick,Nether Brick (58),1,facing=east,,,
minekea:building/stairs/warped_nether_bricks,-143,58,135,nether_brick,Nether Brick (58),2,facing=north,,,
minekea:building/stairs/vertical/nether_bricks,-142,58,135,nether_brick,Nether Brick (58),2,facing=south,,,
minekea:building/stairs/vertical/red_nether_bricks,-141,58,135,nether_brick,Nether Brick (58),2,facing=south,,,
minekea:building/stairs/vertical/warped_nether_bricks,-140,58,135,nether_brick,Nether Brick (58),2,facing=south,,,
minekea:building/stairs/bookshelves/nether_brick,-139,58,135,nether_brick,Nether Brick (58),2,facing=north,,,
minekea:building/stairs/bookshelves/red_nether_brick,-138,58,135,nether_brick,Nether Brick (58),2,facing=north,,,
minekea:building/stairs/bookshelves/warped_nether_brick,-137,58,135,nether_brick,Nether Brick (58),2,facing=north,,,
minekea:building/stairs/bookshelves/vertical/nether_brick,-136,58,135,nether_brick,Nether Brick (58),2,facing=south,,,
minekea:building/stairs/bookshelves/vertical/red_nether_brick,-135,58,135,nether_brick,Nether Brick (58),2,facing=south,,,
minekea:building/stairs/bookshelves/vertical/warped_nether_brick,-134,58,135,nether_brick,Nether Brick (58),2,facing=south,,,
minekea:building/walls/warped_nether_bricks,-143,59,134,nether_brick,Nether Brick (58),3,,,,
minekea:furniture/bookshelves/nether_brick,-142,59,134,nether_brick,Nether Brick (58),3,,,,
minekea:furniture/bookshelves/red_nether_brick,-141,59,134,nether_brick,Nether Brick (58),3,,,,
minekea:furniture/bookshelves/warped_nether_brick,-140,59,134,nether_brick,Nether Brick (58),3,,,,
minekea:building/compressed/nether_bricks/1x,-143,60,133,nether_brick,Nether Brick (58),4,,,,
minekea:building/compressed/nether_bricks/2x,-142,60,133,nether_brick,Nether Brick (58),4,,,,
minekea:building/compressed/nether_bricks/3x,-141,60,133,nether_brick,Nether Brick (58),4,,,,
minekea:building/compressed/nether_bricks/4x,-143,61,132,nether_brick,Nether Brick (58),5,,,,
minekea:building/compressed/nether_bricks/5x,-142,61,132,nether_brick,Nether Brick (58),5,,,,
minekea:building/compressed/nether_bricks/6x,-141,61,132,nether_brick,Nether Brick (58),5,,,,
minekea:building/compressed/nether_bricks/7x,-143,62,131,nether_brick,Nether Brick (58),6,,,,
minekea:building/compressed/nether_bricks/8x,-142,62,131,nether_brick,Nether Brick (58),6,,,,
minekea:building/compressed/nether_bricks/9x,-141,62,131,nether_brick,Nether Brick (58),6,,,,
minekea:building/compressed/red_nether_bricks/1x,-139,60,133,nether_brick,Nether Brick (58),4,,,,
minekea:building/compressed/red_nether_bricks/2x,-138,60,133,nether_brick,Nether Brick (58),4,,,,
minekea:building/compressed/red_nether_bricks/3x,-137,60,133,nether_brick,Nether Brick (58),4,,,,
minekea:building/compressed/red_nether_bricks/4x,-139,61,132,nether_brick,Nether Brick (58),5,,,,
minekea:building/compressed/red_nether_bricks/5x,-138,61,132,nether_brick,Nether Brick (58),5,,,,
minekea:building/compressed/red_nether_bricks/6x,-137,61,132,nether_brick,Nether Brick (58),5,,,,
minekea:building/compressed/red_nether_bricks/7x,-139,62,131,nether_brick,Nether Brick (58),6,,,,
minekea:building/compressed/red_nether_bricks/8x,-138,62,131,nether_brick,Nether Brick (58),6,,,,
minekea:building/compressed/red_nether_bricks/9x,-137,62,131,nether_brick,Nether Brick (58),6,,,,
minekea:building/compressed/warped_nether_brick/1x,-135,60,133,nether_brick,Nether Brick (58),4,,,,
minekea:building/compressed/warped_nether_brick/2x,-134,60,133,nether_brick,Nether Brick (58),4,,,,
minekea:building/compressed/warped_nether_brick/3x,-133,60,133,nether_brick,Nether Brick (58),4,,,,
minekea:building/compressed/warped_nether_brick/4x,-135,61,132,nether_brick,Nether Brick (58),5,,,,
minekea:building/compressed/warped_nether_brick/5x,-134,61,132,nether_brick,Nether Brick (58),5,,,,
minekea:building/compressed/warped_nether_brick/6x,-133,61,132,nether_brick,Nether Brick (58),5,,,,
minekea:building/compressed/warped_nether_brick/7x,-135,62,131,nether_brick,Nether Brick (58),6,,,,
minekea:building/compressed/warped_nether_brick/8x,-134,62,131,nether_brick,Nether Brick (58),6,,,,
minekea:building/compressed/warped_nether_brick/9x,-133,62,131,nether_brick,Nether Brick (58),6,,,,
minekea:building/beams/end_stone,-130,56,137,end_stone,End Stone (29),0,,,,
minekea:building/beams/end_stone_brick,-129,56,137,end_stone,End Stone (29),0,,,,
minekea:building/covers/end_stone,-128,56,137,end_stone,End Stone (29),0,facing=south,,,
minekea:building/covers/end_stone_brick,-127,56,137,end_stone,End Stone (29),0,facing=south,,,
minekea:building/slabs/vertical/end_stone_bricks,-130,57,136,end_stone,End Stone (29),1,facing=east,,,
minekea:building/slabs/bookshelves/end_stone_brick,-129,57,136,end_stone,End Stone (29),1,,,,
minekea:building/slabs/bookshelves/vertical/end_stone_brick,-128,57,136,end_stone,End Stone (29),1,facing=east,,,
minekea:building/stairs/vertical/end_stone_bricks,-130,58,135,end_stone,End Stone (29),2,facing=south,,,
minekea:building/stairs/bookshelves/end_stone_brick,-129,58,135,end_stone,End Stone (29),2,facing=north,,,
minekea:building/stairs/bookshelves/vertical/end_stone_brick,-128,58,135,end_stone,End Stone (29),2,facing=south,,,
minekea:furniture/bookshelves/end_stone_brick,-130,59,134,end_stone,End Stone (29),3,,,,
minekea:building/compressed/end_stone/1x,-130,60,133,end_stone,End Stone (29),4,,,,
minekea:building/compressed/end_stone/2x,-129,60,133,end_stone,End Stone (29),4,,,,
minekea:building/compressed/end_stone/3x,-128,60,133,end_stone,End Stone (29),4,,,,
minekea:building/compressed/end_stone/4x,-130,61,132,end_stone,End Stone (29),5,,,,
minekea:building/compressed/end_stone/5x,-129,61,132,end_stone,End Stone (29),5,,,,
minekea:building/compressed/end_stone/6x,-128,61,132,end_stone,End Stone (29),5,,,,
minekea:building/compressed/end_stone/7x,-130,62,131,end_stone,End Stone (29),6,,,,
minekea:building/compressed/end_stone/8x,-129,62,131,end_stone,End Stone (29),6,,,,
minekea:building/compressed/end_stone/9x,-128,62,131,end_stone,End Stone (29),6,,,,
minekea:building/compressed/end_stone_bricks/1x,-126,60,133,end_stone,End Stone (29),4,,,,
minekea:building/compressed/end_stone_bricks/2x,-125,60,133,end_stone,End Stone (29),4,,,,
minekea:building/compressed/end_stone_bricks/3x,-124,60,133,end_stone,End Stone (29),4,,,,
minekea:building/compressed/end_stone_bricks/4x,-126,61,132,end_stone,End Stone (29),5,,,,
minekea:building/compressed/end_stone_bricks/5x,-125,61,132,end_stone,End Stone (29),5,,,,
minekea:building/compressed/end_stone_bricks/6x,-124,61,132,end_stone,End Stone (29),5,,,,
minekea:building/compressed/end_stone_bricks/7x,-126,62,131,end_stone,End Stone (29),6,,,,
minekea:building/compressed/end_stone_bricks/8x,-125,62,131,end_stone,End Stone (29),6,,,,
minekea:building/compressed/end_stone_bricks/9x,-124,62,131,end_stone,End Stone (29),6,,,,
minekea:building/beams/netherrack,-121,56,137,netherrack,Netherrack (11),0,,,,
minekea:building/covers/netherrack,-120,56,137,netherrack,Netherrack (11),0,facing=south,,,
minekea:building/compressed/netherrack/1x,-121,60,133,netherrack,Netherrack (11),4,,,,
minekea:building/compressed/netherrack/2x,-120,60,133,netherrack,Netherrack (11),4,,,,
minekea:building/compressed/netherrack/3x,-119,60,133,netherrack,Netherrack (11),4,,,,
minekea:building/compressed/netherrack/4x,-121,61,132,netherrack,Netherrack (11),5,,,,
minekea:building/compressed/netherrack/5x,-120,61,132,netherrack,Netherrack (11),5,,,,
minekea:building/compressed/netherrack/6x,-119,61,132,netherrack,Netherrack (11),5,,,,
minekea:building/compressed/netherrack/7x,-121,62,131,netherrack,Netherrack (11),6,,,,
minekea:building/compressed/netherrack/8x,-120,62,131,netherrack,Netherrack (11),6,,,,
minekea:building/compressed/netherrack/9x,-119,62,131,netherrack,Netherrack (11),6,,,,
minekea:building/beams/crying_obsidian,-116,56,137,obsidian,Obsidian (22),0,,,,
minekea:building/beams/obsidian,-115,56,137,obsidian,Obsidian (22),0,,,,
minekea:building/covers/crying_obsidian,-114,56,137,obsidian,Obsidian (22),0,facing=south,,,
minekea:building/covers/obsidian,-113,56,137,obsidian,Obsidian (22),0,facing=south,,,
minekea:building/compressed/crying_obsidian/1x,-116,60,133,obsidian,Obsidian (22),4,,,,
minekea:building/compressed/crying_obsidian/2x,-115,60,133,obsidian,Obsidian (22),4,,,,
minekea:building/compressed/crying_obsidian/3x,-114,60,133,obsidian,Obsidian (22),4,,,,
minekea:building/compressed/crying_obsidian/4x,-116,61,132,obsidian,Obsidian (22),5,,,,
minekea:building/compressed/crying_obsidian/5x,-115,61,132,obsidian,Obsidian (22),5,,,,
minekea:building/compressed/crying_obsidian/6x,-114,61,132,obsidian,Obsidian (22),5,,,,
minekea:building/compressed/crying_obsidian/7x,-116,62,131,obsidian,Obsidian (22),6,,,,
minekea:building/compressed/crying_obsidian/8x,-115,62,131,obsidian,Obsidian (22),6,,,,
minekea:building/compressed/crying_obsidian/9x,-114,62,131,obsidian,Obsidian (22),6,,,,
minekea:building/compressed/obsidian/1x,-112,60,133,obsidian,Obsidian (22),4,,,,
minekea:building/compressed/obsidian/2x,-111,60,133,obsidian,Obsidian (22),4,,,,
minekea:building/compressed/obsidian/3x,-110,60,133,obsidian,Obsidian (22),4,,,,
minekea:building/compressed/obsidian/4x,-112,61,132,obsidian,Obsidian (22),5,,,,
minekea:building/compressed/obsidian/5x,-111,61,132,obsidian,Obsidian (22),5,,,,
minekea:building/compressed/obsidian/6x,-110,61,132,obsidian,Obsidian (22),5,,,,
minekea:building/compressed/obsidian/7x,-112,62,131,obsidian,Obsidian (22),6,,,,
minekea:building/compressed/obsidian/8x,-111,62,131,obsidian,Obsidian (22),6,,,,
minekea:building/compressed/obsidian/9x,-110,62,131,obsidian,Obsidian (22),6,,,,
minekea:building/beams/calcite,-107,56,137,calcite,Calcite (11),0,,,,
minekea:building/covers/calcite,-106,56,137,calcite,Calcite (11),0,facing=south,,,
minekea:building/compressed/calcite/1x,-107,60,133,calcite,Calcite (11),4,,,,
minekea:building/compressed/calcite/2x,-106,60,133,calcite,Calcite (11),4,,,,
minekea:building/compressed/calcite/3x,-105,60,133,calcite,Calcite (11),4,,,,
minekea:building/compressed/calcite/4x,-107,61,132,calcite,Calcite (11),5,,,,
minekea:building/compressed/calcite/5x,-106,61,132,calcite,Calcite (11),5,,,,
minekea:building/compressed/calcite/6x,-105,61,132,calcite,Calcite (11),5,,,,
minekea:building/compressed/calcite/7x,-107,62,131,calcite,Calcite (11),6,,,,
minekea:building/compressed/calcite/8x,-106,62,131,calcite,Calcite (11),6,,,,
minekea:building/compressed/calcite/9x,-105,62,131,calcite,Calcite (11),6,,,,
minekea:building/beams/mud_brick,-102,56,137,mud,Mud (33),0,,,,
minekea:building/beams/packed_mud,-101,56,137,mud,Mud (33),0,,,,
minekea:building/covers/mud_brick,-100,56,137,mud,Mud (33),0,facing=south,,,
minekea:building/covers/packed_mud,-99,56,137,mud,Mud (33),0,facing=south,,,
minekea:building/slabs/vertical/mud_bricks,-102,57,136,mud,Mud (33),1,facing=east,,,
minekea:building/stairs/vertical/mud_bricks,-102,58,135,mud,Mud (33),2,facing=south,,,
minekea:building/compressed/mud/1x,-102,60,133,mud,Mud (33),4,,,,
minekea:building/compressed/mud/2x,-101,60,133,mud,Mud (33),4,,,,
minekea:building/compressed/mud/3x,-100,60,133,mud,Mud (33),4,,,,
minekea:building/compressed/mud/4x,-102,61,132,mud,Mud (33),5,,,,
minekea:building/compressed/mud/5x,-101,61,132,mud,Mud (33),5,,,,
minekea:building/compressed/mud/6x,-100,61,132,mud,Mud (33),5,,,,
minekea:building/compressed/mud/7x,-102,62,131,mud,Mud (33),6,,,,
minekea:building/compressed/mud/8x,-101,62,131,mud,Mud (33),6,,,,
minekea:building/compressed/mud/9x,-100,62,131,mud,Mud (33),6,,,,
minekea:building/compressed/mud_bricks/1x,-98,60,133,mud,Mud (33),4,,,,
minekea:building/compressed/mud_bricks/2x,-97,60,133,mud,Mud (33),4,,,,
minekea:building/compressed/mud_bricks/3x,-96,60,133,mud,Mud (33),4,,,,
minekea:building/compressed/mud_bricks/4x,-98,61,132,mud,Mud (33),5,,,,
minekea:building/compressed/mud_bricks/5x,-97,61,132,mud,Mud (33),5,,,,
minekea:building/compressed/mud_bricks/6x,-96,61,132,mud,Mud (33),5,,,,
minekea:building/compressed/mud_bricks/7x,-98,62,131,mud,Mud (33),6,,,,
minekea:building/compressed/mud_bricks/8x,-97,62,131,mud,Mud (33),6,,,,
minekea:building/compressed/mud_bricks/9x,-96,62,131,mud,Mud (33),6,,,,
minekea:building/compressed/packed_mud/1x,-94,60,133,mud,Mud (33),4,,,,
minekea:building/compressed/packed_mud/2x,-93,60,133,mud,Mud (33),4,,,,
minekea:building/compressed/packed_mud/3x,-92,60,133,mud,Mud (33),4,,,,
minekea:building/compressed/packed_mud/4x,-94,61,132,mud,Mud (33),5,,,,
minekea:building/compressed/packed_mud/5x,-93,61,132,mud,Mud (33),5,,,,
minekea:building/compressed/packed_mud/6x,-92,61,132,mud,Mud (33),5,,,,
minekea:building/compressed/packed_mud/7x,-94,62,131,mud,Mud (33),6,,,,
minekea:building/compressed/packed_mud/8x,-93,62,131,mud,Mud (33),6,,,,
minekea:building/compressed/packed_mud/9x,-92,62,131,mud,Mud (33),6,,,,
minekea:building/beams/bone,-89,56,137,bone,Bone (16),0,,,,
minekea:building/covers/bone,-88,56,137,bone,Bone (16),0,facing=south,,,
minekea:building/slabs/bookshelves/bone,-89,57,136,bone,Bone (16),1,,,,
minekea:building/slabs/bookshelves/vertical/bone,-88,57,136,bone,Bone (16),1,facing=east,,,
minekea:building/stairs/bookshelves/bone,-89,58,135,bone,Bone (16),2,facing=north,,,
minekea:building/stairs/bookshelves/vertical/bone,-88,58,135,bone,Bone (16),2,facing=south,,,
minekea:furniture/bookshelves/bone,-89,59,134,bone,Bone (16),3,,,,
minekea:building/compressed/bone_block/1x,-89,60,133,bone,Bone (16),4,,,,
minekea:building/compressed/bone_block/2x,-88,60,133,bone,Bone (16),4,,,,
minekea:building/compressed/bone_block/3x,-87,60,133,bone,Bone (16),4,,,,
minekea:building/compressed/bone_block/4x,-89,61,132,bone,Bone (16),5,,,,
minekea:building/compressed/bone_block/5x,-88,61,132,bone,Bone (16),5,,,,
minekea:building/compressed/bone_block/6x,-87,61,132,bone,Bone (16),5,,,,
minekea:building/compressed/bone_block/7x,-89,62,131,bone,Bone (16),6,,,,
minekea:building/compressed/bone_block/8x,-88,62,131,bone,Bone (16),6,,,,
minekea:building/compressed/bone_block/9x,-87,62,131,bone,Bone (16),6,,,,
minekea:building/beams/brick,-84,56,137,brick,Brick (13),0,,,,
minekea:building/covers/brick,-83,56,137,brick,Brick (13),0,facing=south,,,
minekea:building/slabs/vertical/bricks,-84,57,136,brick,Brick (13),1,facing=east,,,
minekea:building/stairs/vertical/bricks,-84,58,135,brick,Brick (13),2,facing=south,,,
minekea:building/compressed/bricks/1x,-84,60,133,brick,Brick (13),4,,,,
minekea:building/compressed/bricks/2x,-83,60,133,brick,Brick (13),4,,,,
minekea:building/compressed/bricks/3x,-82,60,133,brick,Brick (13),4,,,,
minekea:building/compressed/bricks/4x,-84,61,132,brick,Brick (13),5,,,,
minekea:building/compressed/bricks/5x,-83,61,132,brick,Brick (13),5,,,,
minekea:building/compressed/bricks/6x,-82,61,132,brick,Brick (13),5,,,,
minekea:building/compressed/bricks/7x,-84,62,131,brick,Brick (13),6,,,,
minekea:building/compressed/bricks/8x,-83,62,131,brick,Brick (13),6,,,,
minekea:building/compressed/bricks/9x,-82,62,131,brick,Brick (13),6,,,,
minekea:building/beams/amethyst,-79,56,137,amethyst,Amethyst (11),0,,,,
minekea:building/covers/amethyst,-78,56,137,amethyst,Amethyst (11),0,facing=south,,,
minekea:building/compressed/amethyst_block/1x,-79,60,133,amethyst,Amethyst (11),4,,,,
minekea:building/compressed/amethyst_block/2x,-78,60,133,amethyst,Amethyst (11),4,,,,
minekea:building/compressed/amethyst_block/3x,-77,60,133,amethyst,Amethyst (11),4,,,,
minekea:building/compressed/amethyst_block/4x,-79,61,132,amethyst,Amethyst (11),5,,,,
minekea:building/compressed/amethyst_block/5x,-78,61,132,amethyst,Amethyst (11),5,,,,
minekea:building/compressed/amethyst_block/6x,-77,61,132,amethyst,Amethyst (11),5,,,,
minekea:building/compressed/amethyst_block/7x,-79,62,131,amethyst,Amethyst (11),6,,,,
minekea:building/compressed/amethyst_block/8x,-78,62,131,amethyst,Amethyst (11),6,,,,
minekea:building/compressed/amethyst_block/9x,-77,62,131,amethyst,Amethyst (11),6,,,,
minekea:building/beams/iron_block,-74,56,137,iron,Iron (11),0,,,,
minekea:building/covers/iron_block,-73,56,137,iron,Iron (11),0,facing=south,,,
minekea:building/compressed/iron_block/1x,-74,57,136,iron,Iron (11),1,,,,
minekea:building/compressed/iron_block/2x,-73,57,136,iron,Iron (11),1,,,,
minekea:building/compressed/iron_block/3x,-72,57,136,iron,Iron (11),1,,,,
minekea:building/compressed/iron_block/4x,-74,58,135,iron,Iron (11),2,,,,
minekea:building/compressed/iron_block/5x,-73,58,135,iron,Iron (11),2,,,,
minekea:building/compressed/iron_block/6x,-72,58,135,iron,Iron (11),2,,,,
minekea:building/compressed/iron_block/7x,-74,59,134,iron,Iron (11),3,,,,
minekea:building/compressed/iron_block/8x,-73,59,134,iron,Iron (11),3,,,,
minekea:building/compressed/iron_block/9x,-72,59,134,iron,Iron (11),3,,,,
minekea:building/beams/gold_block,-191,56,126,gold,Gold (11),0,,,,
minekea:building/covers/gold_block,-190,56,126,gold,Gold (11),0,facing=south,,,
minekea:building/compressed/gold_block/1x,-191,57,125,gold,Gold (11),1,,,,
minekea:building/compressed/gold_block/2x,-190,57,125,gold,Gold (11),1,,,,
minekea:building/compressed/gold_block/3x,-189,57,125,gold,Gold (11),1,,,,
minekea:building/compressed/gold_block/4x,-191,58,124,gold,Gold (11),2,,,,
minekea:building/compressed/gold_block/5x,-190,58,124,gold,Gold (11),2,,,,
minekea:building/compressed/gold_block/6x,-189,58,124,gold,Gold (11),2,,,,
minekea:building/compressed/gold_block/7x,-191,59,123,gold,Gold (11),3,,,,
minekea:building/compressed/gold_block/8x,-190,59,123,gold,Gold (11),3,,,,
minekea:building/compressed/gold_block/9x,-189,59,123,gold,Gold (11),3,,,,
minekea:building/beams/copper_block,-186,56,126,copper,Copper (35),0,,,,
minekea:building/beams/cut_copper,-185,56,126,copper,Copper (35),0,,,,
minekea:building/beams/exposed_cut_copper,-184,56,126,copper,Copper (35),0,,,,
minekea:building/beams/oxidized_cut_copper,-183,56,126,copper,Copper (35),0,,,,
minekea:building/beams/weathered_cut_copper,-182,56,126,copper,Copper (35),0,,,,
minekea:building/covers/copper_block,-181,56,126,copper,Copper (35),0,facing=south,,,
minekea:building/covers/cut_copper,-180,56,126,copper,Copper (35),0,facing=south,,,
minekea:building/covers/exposed_cut_copper,-179,56,126,copper,Copper (35),0,facing=south,,,
minekea:building/covers/oxidized_cut_copper,-178,56,126,copper,Copper (35),0,facing=south,,,
minekea:building/covers/weathered_cut_copper,-177,56,126,copper,Copper (35),0,facing=south,,,
minekea:building/slabs/vertical/cut_copper,-176,56,126,copper,Copper (35),0,facing=east,,,
minekea:building/slabs/vertical/exposed_cut_copper,-175,56,126,copper,Copper (35),0,facing=east,,,
minekea:building/slabs/vertical/oxidized_cut_copper,-186,57,125,copper,Copper (35),1,facing=east,,,
minekea:building/slabs/vertical/waxed_cut_copper,-185,57,125,copper,Copper (35),1,facing=east,,,
minekea:building/slabs/vertical/waxed_exposed_cut_copper,-184,57,125,copper,Copper (35),1,facing=east,,,
minekea:building/slabs/vertical/waxed_oxidized_cut_copper,-183,57,125,copper,Copper (35),1,facing=east,,,
minekea:building/slabs/vertical/waxed_weathered_cut_copper,-182,57,125,copper,Copper (35),1,facing=east,,,
minekea:building/slabs/vertical/weathered_cut_copper,-181,57,125,copper,Copper (35),1,facing=east,,,
minekea:building/stairs/vertical/cut_copper,-180,57,125,copper,Copper (35),1,facing=south,,,
minekea:building/stairs/vertical/exposed_cut_copper,-179,57,125,copper,Copper (35),1,facing=south,,,
minekea:building/stairs/vertical/oxidized_cut_copper,-178,57,125,copper,Copper (35),1,facing=south,,,
minekea:building/stairs/vertical/waxed_cut_copper,-177,57,125,copper,Copper (35),1,facing=south,,,
minekea:building/stairs/vertical/waxed_exposed_cut_copper,-176,57,125,copper,Copper (35),1,facing=south,,,
minekea:building/stairs/vertical/waxed_oxidized_cut_copper,-175,57,125,copper,Copper (35),1,facing=south,,,
minekea:building/stairs/vertical/waxed_weathered_cut_copper,-186,58,124,copper,Copper (35),2,facing=south,,,
minekea:building/stairs/vertical/weathered_cut_copper,-185,58,124,copper,Copper (35),2,facing=south,,,
minekea:building/compressed/copper_block/1x,-186,59,123,copper,Copper (35),3,,,,
minekea:building/compressed/copper_block/2x,-185,59,123,copper,Copper (35),3,,,,
minekea:building/compressed/copper_block/3x,-184,59,123,copper,Copper (35),3,,,,
minekea:building/compressed/copper_block/4x,-186,60,122,copper,Copper (35),4,,,,
minekea:building/compressed/copper_block/5x,-185,60,122,copper,Copper (35),4,,,,
minekea:building/compressed/copper_block/6x,-184,60,122,copper,Copper (35),4,,,,
minekea:building/compressed/copper_block/7x,-186,61,121,copper,Copper (35),5,,,,
minekea:building/compressed/copper_block/8x,-185,61,121,copper,Copper (35),5,,,,
minekea:building/compressed/copper_block/9x,-184,61,121,copper,Copper (35),5,,,,
minekea:building/beams/diamond_block,-172,56,126,diamond,Diamond (11),0,,,,
minekea:building/covers/diamond_block,-171,56,126,diamond,Diamond (11),0,facing=south,,,
minekea:building/compressed/diamond_block/1x,-172,57,125,diamond,Diamond (11),1,,,,
minekea:building/compressed/diamond_block/2x,-171,57,125,diamond,Diamond (11),1,,,,
minekea:building/compressed/diamond_block/3x,-170,57,125,diamond,Diamond (11),1,,,,
minekea:building/compressed/diamond_block/4x,-172,58,124,diamond,Diamond (11),2,,,,
minekea:building/compressed/diamond_block/5x,-171,58,124,diamond,Diamond (11),2,,,,
minekea:building/compressed/diamond_block/6x,-170,58,124,diamond,Diamond (11),2,,,,
minekea:building/compressed/diamond_block/7x,-172,59,123,diamond,Diamond (11),3,,,,
minekea:building/compressed/diamond_block/8x,-171,59,123,diamond,Diamond (11),3,,,,
minekea:building/compressed/diamond_block/9x,-170,59,123,diamond,Diamond (11),3,,,,
minekea:building/beams/netherite_block,-167,56,126,netherite,Netherite (11),0,,,,
minekea:building/covers/netherite_block,-166,56,126,netherite,Netherite (11),0,facing=south,,,
minekea:building/compressed/netherite_block/1x,-167,57,125,netherite,Netherite (11),1,,,,
minekea:building/compressed/netherite_block/2x,-166,57,125,netherite,Netherite (11),1,,,,
minekea:building/compressed/netherite_block/3x,-165,57,125,netherite,Netherite (11),1,,,,
minekea:building/compressed/netherite_block/4x,-167,58,124,netherite,Netherite (11),2,,,,
minekea:building/compressed/netherite_block/5x,-166,58,124,netherite,Netherite (11),2,,,,
minekea:building/compressed/netherite_block/6x,-165,58,124,netherite,Netherite (11),2,,,,
minekea:building/compressed/netherite_block/7x,-167,59,123,netherite,Netherite (11),3,,,,
minekea:building/compressed/netherite_block/8x,-166,59,123,netherite,Netherite (11),3,,,,
minekea:building/compressed/netherite_block/9x,-165,59,123,netherite,Netherite (11),3,,,,
minekea:building/beams/lapis_block,-162,56,126,lapis,Lapis (11),0,,,,
minekea:building/covers/lapis_block,-161,56,126,lapis,Lapis (11),0,facing=south,,,
minekea:building/compressed/lapis_block/1x,-162,57,125,lapis,Lapis (11),1,,,,
minekea:building/compressed/lapis_block/2x,-161,57,125,lapis,Lapis (11),1,,,,
minekea:building/compressed/lapis_block/3x,-160,57,125,lapis,Lapis (11),1,,,,
minekea:building/compressed/lapis_block/4x,-162,58,124,lapis,Lapis (11),2,,,,
minekea:building/compressed/lapis_block/5x,-161,58,124,lapis,Lapis (11),2,,,,
minekea:building/compressed/lapis_block/6x,-160,58,124,lapis,Lapis (11),2,,,,
minekea:building/compressed/lapis_block/7x,-162,59,123,lapis,Lapis (11),3,,,,
minekea:building/compressed/lapis_block/8x,-161,59,123,lapis,Lapis (11),3,,,,
minekea:building/compressed/lapis_block/9x,-160,59,123,lapis,Lapis (11),3,,,,
minekea:building/beams/redstone_block,-157,56,126,redstone,Redstone (11),0,,,,
minekea:building/covers/redstone_block,-156,56,126,redstone,Redstone (11),0,facing=south,,,
minekea:building/compressed/redstone_block/1x,-157,57,125,redstone,Redstone (11),1,,,,
minekea:building/compressed/redstone_block/2x,-156,57,125,redstone,Redstone (11),1,,,,
minekea:building/compressed/redstone_block/3x,-155,57,125,redstone,Redstone (11),1,,,,
minekea:building/compressed/redstone_block/4x,-157,58,124,redstone,Redstone (11),2,,,,
minekea:building/compressed/redstone_block/5x,-156,58,124,redstone,Redstone (11),2,,,,
minekea:building/compressed/redstone_block/6x,-155,58,124,redstone,Redstone (11),2,,,,
minekea:building/compressed/redstone_block/7x,-157,59,123,redstone,Redstone (11),3,,,,
minekea:building/compressed/redstone_block/8x,-156,59,123,redstone,Redstone (11),3,,,,
minekea:building/compressed/redstone_block/9x,-155,59,123,redstone,Redstone (11),3,,,,
minekea:building/compressed/clay/1x,-152,56,126,earth,Soil & Sand (72),0,,,,
minekea:building/compressed/clay/2x,-151,56,126,earth,Soil & Sand (72),0,,,,
minekea:building/compressed/clay/3x,-150,56,126,earth,Soil & Sand (72),0,,,,
minekea:building/compressed/clay/4x,-152,57,125,earth,Soil & Sand (72),1,,,,
minekea:building/compressed/clay/5x,-151,57,125,earth,Soil & Sand (72),1,,,,
minekea:building/compressed/clay/6x,-150,57,125,earth,Soil & Sand (72),1,,,,
minekea:building/compressed/clay/7x,-152,58,124,earth,Soil & Sand (72),2,,,,
minekea:building/compressed/clay/8x,-151,58,124,earth,Soil & Sand (72),2,,,,
minekea:building/compressed/clay/9x,-150,58,124,earth,Soil & Sand (72),2,,,,
minekea:building/compressed/coarse_dirt/1x,-148,56,126,earth,Soil & Sand (72),0,,,,
minekea:building/compressed/coarse_dirt/2x,-147,56,126,earth,Soil & Sand (72),0,,,,
minekea:building/compressed/coarse_dirt/3x,-146,56,126,earth,Soil & Sand (72),0,,,,
minekea:building/compressed/coarse_dirt/4x,-148,57,125,earth,Soil & Sand (72),1,,,,
minekea:building/compressed/coarse_dirt/5x,-147,57,125,earth,Soil & Sand (72),1,,,,
minekea:building/compressed/coarse_dirt/6x,-146,57,125,earth,Soil & Sand (72),1,,,,
minekea:building/compressed/coarse_dirt/7x,-148,58,124,earth,Soil & Sand (72),2,,,,
minekea:building/compressed/coarse_dirt/8x,-147,58,124,earth,Soil & Sand (72),2,,,,
minekea:building/compressed/coarse_dirt/9x,-146,58,124,earth,Soil & Sand (72),2,,,,
minekea:building/compressed/dirt/1x,-144,56,126,earth,Soil & Sand (72),0,,,,
minekea:building/compressed/dirt/2x,-143,56,126,earth,Soil & Sand (72),0,,,,
minekea:building/compressed/dirt/3x,-142,56,126,earth,Soil & Sand (72),0,,,,
minekea:building/compressed/dirt/4x,-144,57,125,earth,Soil & Sand (72),1,,,,
minekea:building/compressed/dirt/5x,-143,57,125,earth,Soil & Sand (72),1,,,,
minekea:building/compressed/dirt/6x,-142,57,125,earth,Soil & Sand (72),1,,,,
minekea:building/compressed/dirt/7x,-144,58,124,earth,Soil & Sand (72),2,,,,
minekea:building/compressed/dirt/8x,-143,58,124,earth,Soil & Sand (72),2,,,,
minekea:building/compressed/dirt/9x,-142,58,124,earth,Soil & Sand (72),2,,,,
minekea:building/compressed/gravel/1x,-152,59,123,earth,Soil & Sand (72),3,,,,
minekea:building/compressed/gravel/2x,-151,59,123,earth,Soil & Sand (72),3,,,,
minekea:building/compressed/gravel/3x,-150,59,123,earth,Soil & Sand (72),3,,,,
minekea:building/compressed/gravel/4x,-152,60,122,earth,Soil & Sand (72),4,,,,
minekea:building/compressed/gravel/5x,-151,60,122,earth,Soil & Sand (72),4,,,,
minekea:building/compressed/gravel/6x,-150,60,122,earth,Soil & Sand (72),4,,,,
minekea:building/compressed/gravel/7x,-152,61,121,earth,Soil & Sand (72),5,,,,
minekea:building/compressed/gravel/8x,-151,61,121,earth,Soil & Sand (72),5,,,,
minekea:building/compressed/gravel/9x,-150,61,121,earth,Soil & Sand (72),5,,,,
minekea:building/compressed/red_sand/1x,-148,59,123,earth,Soil & Sand (72),3,,,,
minekea:building/compressed/red_sand/2x,-147,59,123,earth,Soil & Sand (72),3,,,,
minekea:building/compressed/red_sand/3x,-146,59,123,earth,Soil & Sand (72),3,,,,
minekea:building/compressed/red_sand/4x,-148,60,122,earth,Soil & Sand (72),4,,,,
minekea:building/compressed/red_sand/5x,-147,60,122,earth,Soil & Sand (72),4,,,,
minekea:building/compressed/red_sand/6x,-146,60,122,earth,Soil & Sand (72),4,,,,
minekea:building/compressed/red_sand/7x,-148,61,121,earth,Soil & Sand (72),5,,,,
minekea:building/compressed/red_sand/8x,-147,61,121,earth,Soil & Sand (72),5,,,,
minekea:building/compressed/red_sand/9x,-146,61,121,earth,Soil & Sand (72),5,,,,
minekea:building/compressed/rooted_dirt/1x,-144,59,123,earth,Soil & Sand (72),3,,,,
minekea:building/compressed/rooted_dirt/2x,-143,59,123,earth,Soil & Sand (72),3,,,,
minekea:building/compressed/rooted_dirt/3x,-142,59,123,earth,Soil & Sand (72),3,,,,
minekea:building/compressed/rooted_dirt/4x,-144,60,122,earth,Soil & Sand (72),4,,,,
minekea:building/compressed/rooted_dirt/5x,-143,60,122,earth,Soil & Sand (72),4,,,,
minekea:building/compressed/rooted_dirt/6x,-142,60,122,earth,Soil & Sand (72),4,,,,
minekea:building/compressed/rooted_dirt/7x,-144,61,121,earth,Soil & Sand (72),5,,,,
minekea:building/compressed/rooted_dirt/8x,-143,61,121,earth,Soil & Sand (72),5,,,,
minekea:building/compressed/rooted_dirt/9x,-142,61,121,earth,Soil & Sand (72),5,,,,
minekea:building/compressed/sand/1x,-152,62,120,earth,Soil & Sand (72),6,,,,
minekea:building/compressed/sand/2x,-151,62,120,earth,Soil & Sand (72),6,,,,
minekea:building/compressed/sand/3x,-150,62,120,earth,Soil & Sand (72),6,,,,
minekea:building/compressed/sand/4x,-152,63,119,earth,Soil & Sand (72),7,,,,
minekea:building/compressed/sand/5x,-151,63,119,earth,Soil & Sand (72),7,,,,
minekea:building/compressed/sand/6x,-150,63,119,earth,Soil & Sand (72),7,,,,
minekea:building/compressed/sand/7x,-152,64,118,earth,Soil & Sand (72),8,,,,
minekea:building/compressed/sand/8x,-151,64,118,earth,Soil & Sand (72),8,,,,
minekea:building/compressed/sand/9x,-150,64,118,earth,Soil & Sand (72),8,,,,
minekea:building/compressed/soul_sand/1x,-148,62,120,earth,Soil & Sand (72),6,,,,
minekea:building/compressed/soul_sand/2x,-147,62,120,earth,Soil & Sand (72),6,,,,
minekea:building/compressed/soul_sand/3x,-146,62,120,earth,Soil & Sand (72),6,,,,
minekea:building/compressed/soul_sand/4x,-148,63,119,earth,Soil & Sand (72),7,,,,
minekea:building/compressed/soul_sand/5x,-147,63,119,earth,Soil & Sand (72),7,,,,
minekea:building/compressed/soul_sand/6x,-146,63,119,earth,Soil & Sand (72),7,,,,
minekea:building/compressed/soul_sand/7x,-148,64,118,earth,Soil & Sand (72),8,,,,
minekea:building/compressed/soul_sand/8x,-147,64,118,earth,Soil & Sand (72),8,,,,
minekea:building/compressed/soul_sand/9x,-146,64,118,earth,Soil & Sand (72),8,,,,
minekea:storage/compressed/beetroot,-139,56,126,food,Compressed Food (38),0,is_bagged=false,,,
minekea:storage/compressed/beetroot,-138,56,126,food,Compressed Food (38),0,is_bagged=true,,,
minekea:storage/compressed/beetroot_seeds,-137,56,126,food,Compressed Food (38),0,is_bagged=false,,,
minekea:storage/compressed/beetroot_seeds,-136,56,126,food,Compressed Food (38),0,is_bagged=true,,,
minekea:storage/compressed/carrot,-135,56,126,food,Compressed Food (38),0,is_bagged=false,,,
minekea:storage/compressed/carrot,-134,56,126,food,Compressed Food (38),0,is_bagged=true,,,
minekea:storage/compressed/chorus_fruit,-133,56,126,food,Compressed Food (38),0,is_bagged=false,,,
minekea:storage/compressed/chorus_fruit,-132,56,126,food,Compressed Food (38),0,is_bagged=true,,,
minekea:storage/compressed/gold_nugget,-131,56,126,food,Compressed Food (38),0,is_bagged=false,,,
minekea:storage/compressed/gold_nugget,-130,56,126,food,Compressed Food (38),0,is_bagged=true,,,
minekea:storage/compressed/iron_nugget,-129,56,126,food,Compressed Food (38),0,is_bagged=false,,,
minekea:storage/compressed/iron_nugget,-128,56,126,food,Compressed Food (38),0,is_bagged=true,,,
minekea:storage/compressed/melon_seeds,-139,57,125,food,Compressed Food (38),1,is_bagged=false,,,
minekea:storage/compressed/melon_seeds,-138,57,125,food,Compressed Food (38),1,is_bagged=true,,,
minekea:storage/compressed/phantom_membrane,-137,57,125,food,Compressed Food (38),1,is_bagged=false,,,
minekea:storage/compressed/phantom_membrane,-136,57,125,food,Compressed Food (38),1,is_bagged=true,,,
minekea:storage/compressed/potato,-135,57,125,food,Compressed Food (38),1,is_bagged=false,,,
minekea:storage/compressed/potato,-134,57,125,food,Compressed Food (38),1,is_bagged=true,,,
minekea:storage/compressed/pumpkin_seeds,-133,57,125,food,Compressed Food (38),1,is_bagged=false,,,
minekea:storage/compressed/pumpkin_seeds,-132,57,125,food,Compressed Food (38),1,is_bagged=true,,,
minekea:storage/compressed/sugar,-131,57,125,food,Compressed Food (38),1,is_bagged=false,,,
minekea:storage/compressed/sugar,-130,57,125,food,Compressed Food (38),1,is_bagged=true,,,
minekea:storage/compressed/wheat_seeds,-129,57,125,food,Compressed Food (38),1,is_bagged=false,,,
minekea:storage/compressed/wheat_seeds,-128,57,125,food,Compressed Food (38),1,is_bagged=true,,,
minekea:storage/compressed/apple,-139,58,124,food,Compressed Food (38),2,,,,
minekea:storage/compressed/blaze_powder,-138,58,124,food,Compressed Food (38),2,,,,
minekea:storage/compressed/blaze_rod,-137,58,124,food,Compressed Food (38),2,,,,
minekea:storage/compressed/breeze_rod,-136,58,124,food,Compressed Food (38),2,,,,
minekea:storage/compressed/charcoal,-135,58,124,food,Compressed Food (38),2,,,,
minekea:storage/compressed/ender_pearl,-134,58,124,food,Compressed Food (38),2,,,,
minekea:storage/compressed/flint,-133,58,124,food,Compressed Food (38),2,,,,
minekea:storage/compressed/golden_apple,-132,58,124,food,Compressed Food (38),2,,,,
minekea:storage/compressed/leather,-131,58,124,food,Compressed Food (38),2,,,,
minekea:storage/compressed/nether_star,-130,58,124,food,Compressed Food (38),2,,,,
minekea:storage/compressed/paper,-129,58,124,food,Compressed Food (38),2,,,,
minekea:storage/compressed/stick,-128,58,124,food,Compressed Food (38),2,,,,
minekea:storage/compressed/sugar_cane,-139,59,123,food,Compressed Food (38),3,,,,
minekea:storage/compressed/totem_of_undying,-138,59,123,food,Compressed Food (38),3,,,,
minekea:decorations/lighting/ancient_lantern,-125,56,126,lighting,Lighting (4),0,,,,
minekea:decorations/lighting/doom_lantern,-124,56,126,lighting,Lighting (4),0,,,,
minekea:decorations/lighting/end_lantern,-123,56,126,lighting,Lighting (4),0,,,,
minekea:decorations/lighting/endless_rod,-122,56,126,lighting,Lighting (4),0,,,,
minekea:containers/cauldrons/honey,-119,56,126,misc,Misc (6),0,,,,
minekea:containers/cauldrons/milk,-118,56,126,misc,Misc (6),0,,,,
minekea:decorations/misc/fake_cake,-117,56,126,misc,Misc (6),0,,,,
minekea:storage/blue_egg_crate,-116,56,126,misc,Misc (6),0,,,,
minekea:storage/brown_egg_crate,-115,56,126,misc,Misc (6),0,,,,
minekea:storage/egg_crate,-114,56,126,misc,Misc (6),0,,,,
minekea:containers/glass_jar,-111,56,126,jars_items,Glass Jars - Items (95),0,facing=south,,minecraft:amethyst_shard,Amethyst Shard
minekea:containers/glass_jar,-110,56,126,jars_items,Glass Jars - Items (95),0,facing=south,,minecraft:apple,Apple
minekea:containers/glass_jar,-109,56,126,jars_items,Glass Jars - Items (95),0,facing=south,,minecraft:bamboo,Bamboo
minekea:containers/glass_jar,-108,56,126,jars_items,Glass Jars - Items (95),0,facing=south,,minecraft:beetroot,Beetroot
minekea:containers/glass_jar,-107,56,126,jars_items,Glass Jars - Items (95),0,facing=south,,minecraft:beetroot_seeds,Beetroot Seeds
minekea:containers/glass_jar,-106,56,126,jars_items,Glass Jars - Items (95),0,facing=south,,minecraft:blaze_powder,Blaze Powder
minekea:containers/glass_jar,-105,56,126,jars_items,Glass Jars - Items (95),0,facing=south,,minecraft:blaze_rod,Blaze Rod
minekea:containers/glass_jar,-104,56,126,jars_items,Glass Jars - Items (95),0,facing=south,,minecraft:blue_egg,Blue Egg
minekea:containers/glass_jar,-103,56,126,jars_items,Glass Jars - Items (95),0,facing=south,,minecraft:breeze_rod,Breeze Rod
minekea:containers/glass_jar,-102,56,126,jars_items,Glass Jars - Items (95),0,facing=south,,minecraft:brown_egg,Brown Egg
minekea:containers/glass_jar,-101,56,126,jars_items,Glass Jars - Items (95),0,facing=south,,minecraft:brown_mushroom,Brown Mushroom
minekea:containers/glass_jar,-100,56,126,jars_items,Glass Jars - Items (95),0,facing=south,,minecraft:carrot,Carrot
minekea:containers/glass_jar,-111,57,125,jars_items,Glass Jars - Items (95),1,facing=south,,minecraft:charcoal,Charcoal
minekea:containers/glass_jar,-110,57,125,jars_items,Glass Jars - Items (95),1,facing=south,,minecraft:chorus_fruit,Chorus Fruit
minekea:containers/glass_jar,-109,57,125,jars_items,Glass Jars - Items (95),1,facing=south,,minecraft:coal,Coal
minekea:containers/glass_jar,-108,57,125,jars_items,Glass Jars - Items (95),1,facing=south,,minecraft:dried_kelp,Dried Kelp
minekea:containers/glass_jar,-107,57,125,jars_items,Glass Jars - Items (95),1,facing=south,,minecraft:egg,Egg
minekea:containers/glass_jar,-106,57,125,jars_items,Glass Jars - Items (95),1,facing=south,,minecraft:ender_pearl,Ender Pearl
minekea:containers/glass_jar,-105,57,125,jars_items,Glass Jars - Items (95),1,facing=south,,minecraft:flint,Flint
minekea:containers/glass_jar,-104,57,125,jars_items,Glass Jars - Items (95),1,facing=south,,minecraft:glowstone_dust,Glowstone Dust
minekea:containers/glass_jar,-103,57,125,jars_items,Glass Jars - Items (95),1,facing=south,,minecraft:golden_apple,Golden Apple
minekea:containers/glass_jar,-102,57,125,jars_items,Glass Jars - Items (95),1,facing=south,,minecraft:gravel,Gravel
minekea:containers/glass_jar,-101,57,125,jars_items,Glass Jars - Items (95),1,facing=south,,minecraft:honeycomb,Honeycomb
minekea:containers/glass_jar,-100,57,125,jars_items,Glass Jars - Items (95),1,facing=south,,minecraft:leather,Leather
minekea:containers/glass_jar,-111,58,124,jars_items,Glass Jars - Items (95),2,facing=south,,minecraft:melon_seeds,Melon Seeds
minekea:containers/glass_jar,-110,58,124,jars_items,Glass Jars - Items (95),2,facing=south,,minecraft:melon_slice,Melon Slice
minekea:containers/glass_jar,-109,58,124,jars_items,Glass Jars - Items (95),2,facing=south,,minecraft:nether_star,Nether Star
minekea:containers/glass_jar,-108,58,124,jars_items,Glass Jars - Items (95),2,facing=south,,minecraft:nether_wart,Nether Wart
minekea:containers/glass_jar,-107,58,124,jars_items,Glass Jars - Items (95),2,facing=south,,minecraft:paper,Paper
minekea:containers/glass_jar,-106,58,124,jars_items,Glass Jars - Items (95),2,facing=south,,minecraft:phantom_membrane,Phantom Membrane
minekea:containers/glass_jar,-105,58,124,jars_items,Glass Jars - Items (95),2,facing=south,,minecraft:potato,Potato
minekea:containers/glass_jar,-104,58,124,jars_items,Glass Jars - Items (95),2,facing=south,,minecraft:pumpkin_seeds,Pumpkin Seeds
minekea:containers/glass_jar,-103,58,124,jars_items,Glass Jars - Items (95),2,facing=south,,minecraft:red_mushroom,Red Mushroom
minekea:containers/glass_jar,-102,58,124,jars_items,Glass Jars - Items (95),2,facing=south,,minecraft:red_sand,Red Sand
minekea:containers/glass_jar,-101,58,124,jars_items,Glass Jars - Items (95),2,facing=south,,minecraft:redstone,Redstone
minekea:containers/glass_jar,-100,58,124,jars_items,Glass Jars - Items (95),2,facing=south,,minecraft:resin_clump,Resin Clump
minekea:containers/glass_jar,-111,59,123,jars_items,Glass Jars - Items (95),3,facing=south,,minecraft:sand,Sand
minekea:containers/glass_jar,-110,59,123,jars_items,Glass Jars - Items (95),3,facing=south,,minecraft:sculk_vein,Sculk Vein
minekea:containers/glass_jar,-109,59,123,jars_items,Glass Jars - Items (95),3,facing=south,,minecraft:slime_ball,Slime Ball
minekea:containers/glass_jar,-108,59,123,jars_items,Glass Jars - Items (95),3,facing=south,,minecraft:stick,Stick
minekea:containers/glass_jar,-107,59,123,jars_items,Glass Jars - Items (95),3,facing=south,,minecraft:sugar,Sugar
minekea:containers/glass_jar,-106,59,123,jars_items,Glass Jars - Items (95),3,facing=south,,minecraft:sugar_cane,Sugar Cane
minekea:containers/glass_jar,-105,59,123,jars_items,Glass Jars - Items (95),3,facing=south,,minecraft:totem_of_undying,Totem Of Undying
minekea:containers/glass_jar,-104,59,123,jars_items,Glass Jars - Items (95),3,facing=south,,minekea:crops/warped_wart,Warped Wart
minekea:containers/glass_jar,-103,59,123,jars_items,Glass Jars - Items (95),3,facing=south,,minecraft:wheat,Wheat
minekea:containers/glass_jar,-102,59,123,jars_items,Glass Jars - Items (95),3,facing=south,,minecraft:wheat_seeds,Wheat Seeds
minekea:containers/glass_jar,-101,59,123,jars_items,Glass Jars - Items (95),3,facing=south,,minecraft:white_dye,White Dye
minekea:containers/glass_jar,-100,59,123,jars_items,Glass Jars - Items (95),3,facing=south,,minecraft:light_gray_dye,Light Gray Dye
minekea:containers/glass_jar,-111,60,122,jars_items,Glass Jars - Items (95),4,facing=south,,minecraft:gray_dye,Gray Dye
minekea:containers/glass_jar,-110,60,122,jars_items,Glass Jars - Items (95),4,facing=south,,minecraft:black_dye,Black Dye
minekea:containers/glass_jar,-109,60,122,jars_items,Glass Jars - Items (95),4,facing=south,,minecraft:brown_dye,Brown Dye
minekea:containers/glass_jar,-108,60,122,jars_items,Glass Jars - Items (95),4,facing=south,,minecraft:red_dye,Red Dye
minekea:containers/glass_jar,-107,60,122,jars_items,Glass Jars - Items (95),4,facing=south,,minecraft:orange_dye,Orange Dye
minekea:containers/glass_jar,-106,60,122,jars_items,Glass Jars - Items (95),4,facing=south,,minecraft:yellow_dye,Yellow Dye
minekea:containers/glass_jar,-105,60,122,jars_items,Glass Jars - Items (95),4,facing=south,,minecraft:lime_dye,Lime Dye
minekea:containers/glass_jar,-104,60,122,jars_items,Glass Jars - Items (95),4,facing=south,,minecraft:green_dye,Green Dye
minekea:containers/glass_jar,-103,60,122,jars_items,Glass Jars - Items (95),4,facing=south,,minecraft:cyan_dye,Cyan Dye
minekea:containers/glass_jar,-102,60,122,jars_items,Glass Jars - Items (95),4,facing=south,,minecraft:light_blue_dye,Light Blue Dye
minekea:containers/glass_jar,-101,60,122,jars_items,Glass Jars - Items (95),4,facing=south,,minecraft:blue_dye,Blue Dye
minekea:containers/glass_jar,-100,60,122,jars_items,Glass Jars - Items (95),4,facing=south,,minecraft:purple_dye,Purple Dye
minekea:containers/glass_jar,-111,61,121,jars_items,Glass Jars - Items (95),5,facing=south,,minecraft:magenta_dye,Magenta Dye
minekea:containers/glass_jar,-110,61,121,jars_items,Glass Jars - Items (95),5,facing=south,,minecraft:pink_dye,Pink Dye
minekea:containers/glass_jar,-109,61,121,jars_items,Glass Jars - Items (95),5,facing=south,,minecraft:white_concrete_powder,White Concrete Powder
minekea:containers/glass_jar,-108,61,121,jars_items,Glass Jars - Items (95),5,facing=south,,minecraft:light_gray_concrete_powder,Light Gray Concrete Powder
minekea:containers/glass_jar,-107,61,121,jars_items,Glass Jars - Items (95),5,facing=south,,minecraft:gray_concrete_powder,Gray Concrete Powder
minekea:containers/glass_jar,-106,61,121,jars_items,Glass Jars - Items (95),5,facing=south,,minecraft:black_concrete_powder,Black Concrete Powder
minekea:containers/glass_jar,-105,61,121,jars_items,Glass Jars - Items (95),5,facing=south,,minecraft:brown_concrete_powder,Brown Concrete Powder
minekea:containers/glass_jar,-104,61,121,jars_items,Glass Jars - Items (95),5,facing=south,,minecraft:red_concrete_powder,Red Concrete Powder
minekea:containers/glass_jar,-103,61,121,jars_items,Glass Jars - Items (95),5,facing=south,,minecraft:orange_concrete_powder,Orange Concrete Powder
minekea:containers/glass_jar,-102,61,121,jars_items,Glass Jars - Items (95),5,facing=south,,minecraft:yellow_concrete_powder,Yellow Concrete Powder
minekea:containers/glass_jar,-101,61,121,jars_items,Glass Jars - Items (95),5,facing=south,,minecraft:lime_concrete_powder,Lime Concrete Powder
minekea:containers/glass_jar,-100,61,121,jars_items,Glass Jars - Items (95),5,facing=south,,minecraft:green_concrete_powder,Green Concrete Powder
minekea:containers/glass_jar,-111,62,120,jars_items,Glass Jars - Items (95),6,facing=south,,minecraft:cyan_concrete_powder,Cyan Concrete Powder
minekea:containers/glass_jar,-110,62,120,jars_items,Glass Jars - Items (95),6,facing=south,,minecraft:light_blue_concrete_powder,Light Blue Concrete Powder
minekea:containers/glass_jar,-109,62,120,jars_items,Glass Jars - Items (95),6,facing=south,,minecraft:blue_concrete_powder,Blue Concrete Powder
minekea:containers/glass_jar,-108,62,120,jars_items,Glass Jars - Items (95),6,facing=south,,minecraft:purple_concrete_powder,Purple Concrete Powder
minekea:containers/glass_jar,-107,62,120,jars_items,Glass Jars - Items (95),6,facing=south,,minecraft:magenta_concrete_powder,Magenta Concrete Powder
minekea:containers/glass_jar,-106,62,120,jars_items,Glass Jars - Items (95),6,facing=south,,minecraft:pink_concrete_powder,Pink Concrete Powder
minekea:containers/glass_jar,-105,62,120,jars_items,Glass Jars - Items (95),6,facing=south,,minekea:ingredients/wax/plain,Plain Wax
minekea:containers/glass_jar,-104,62,120,jars_items,Glass Jars - Items (95),6,facing=south,,minekea:ingredients/wax/white,White Wax
minekea:containers/glass_jar,-103,62,120,jars_items,Glass Jars - Items (95),6,facing=south,,minekea:ingredients/wax/light_gray,Light Gray Wax
minekea:containers/glass_jar,-102,62,120,jars_items,Glass Jars - Items (95),6,facing=south,,minekea:ingredients/wax/gray,Gray Wax
minekea:containers/glass_jar,-101,62,120,jars_items,Glass Jars - Items (95),6,facing=south,,minekea:ingredients/wax/black,Black Wax
minekea:containers/glass_jar,-100,62,120,jars_items,Glass Jars - Items (95),6,facing=south,,minekea:ingredients/wax/brown,Brown Wax
minekea:containers/glass_jar,-111,63,119,jars_items,Glass Jars - Items (95),7,facing=south,,minekea:ingredients/wax/red,Red Wax
minekea:containers/glass_jar,-110,63,119,jars_items,Glass Jars - Items (95),7,facing=south,,minekea:ingredients/wax/orange,Orange Wax
minekea:containers/glass_jar,-109,63,119,jars_items,Glass Jars - Items (95),7,facing=south,,minekea:ingredients/wax/yellow,Yellow Wax
minekea:containers/glass_jar,-108,63,119,jars_items,Glass Jars - Items (95),7,facing=south,,minekea:ingredients/wax/lime,Lime Wax
minekea:containers/glass_jar,-107,63,119,jars_items,Glass Jars - Items (95),7,facing=south,,minekea:ingredients/wax/green,Green Wax
minekea:containers/glass_jar,-106,63,119,jars_items,Glass Jars - Items (95),7,facing=south,,minekea:ingredients/wax/cyan,Cyan Wax
minekea:containers/glass_jar,-105,63,119,jars_items,Glass Jars - Items (95),7,facing=south,,minekea:ingredients/wax/light_blue,Light Blue Wax
minekea:containers/glass_jar,-104,63,119,jars_items,Glass Jars - Items (95),7,facing=south,,minekea:ingredients/wax/blue,Blue Wax
minekea:containers/glass_jar,-103,63,119,jars_items,Glass Jars - Items (95),7,facing=south,,minekea:ingredients/wax/purple,Purple Wax
minekea:containers/glass_jar,-102,63,119,jars_items,Glass Jars - Items (95),7,facing=south,,minekea:ingredients/wax/magenta,Magenta Wax
minekea:containers/glass_jar,-101,63,119,jars_items,Glass Jars - Items (95),7,facing=south,,minekea:ingredients/wax/pink,Pink Wax
minekea:containers/glass_jar,-97,56,126,jars_misc,Glass Jars - Fluids & Mobs (12),0,facing=south,,,Empty Jar
minekea:containers/glass_jar,-96,56,126,jars_misc,Glass Jars - Fluids & Mobs (12),0,facing=south,,minecraft:water,Water
minekea:containers/glass_jar,-95,56,126,jars_misc,Glass Jars - Fluids & Mobs (12),0,facing=south,,minecraft:lava,Lava
minekea:containers/glass_jar,-94,56,126,jars_misc,Glass Jars - Fluids & Mobs (12),0,facing=south,,minekea:fluids/milk,Milk
minekea:containers/glass_jar,-93,56,126,jars_misc,Glass Jars - Fluids & Mobs (12),0,facing=south,,minekea:fluids/honey,Honey
minekea:containers/glass_jar,-92,56,126,jars_misc,Glass Jars - Fluids & Mobs (12),0,facing=south,,minecraft:allay,Allay
minekea:containers/glass_jar,-91,56,126,jars_misc,Glass Jars - Fluids & Mobs (12),0,facing=south,,minecraft:bat,Bat
minekea:containers/glass_jar,-90,56,126,jars_misc,Glass Jars - Fluids & Mobs (12),0,facing=south,,minecraft:bee,Bee
minekea:containers/glass_jar,-89,56,126,jars_misc,Glass Jars - Fluids & Mobs (12),0,facing=south,,minecraft:endermite,Endermite
minekea:containers/glass_jar,-88,56,126,jars_misc,Glass Jars - Fluids & Mobs (12),0,facing=south,,minecraft:silverfish,Silverfish
minekea:containers/glass_jar,-87,56,126,jars_misc,Glass Jars - Fluids & Mobs (12),0,facing=south,,minecraft:slime,Slime (tiny only)
minekea:containers/glass_jar,-86,56,126,jars_misc,Glass Jars - Fluids & Mobs (12),0,facing=south,,minecraft:vex,Vex
